{
  "status": "ok",
  "cell_id": "b_base_noaug_cifar10",
  "letter": "B",
  "variant": "base",
  "dataset": "cifar10",
  "augment": false,
  "lr": 0.05,
  "best_lr": 0.05,
  "epochs_total": 350,
  "epochs_run": 350,
  "metric": 0.8545,
  "test_error_pct": 14.549999999999997,
  "test_accuracy": 0.8545,
  "accuracy": 0.8545,
  "final_train_loss": 0.4452573074709119,
  "train_loss_history": [
    1.9581178301740485,
    1.4651416116358373,
    1.2766309625962202,
    1.1879111343942335,
    1.1274476786098822,
    1.0839039323579929,
    1.049104989489631,
    1.0047428775626375,
    0.9688706579415695,
    0.9468049210355715,
    0.9340490872597755,
    0.9128039840542143,
    0.8852958455110145,
    0.8685092073877144,
    0.8551537278668045,
    0.8439745756671252,
    0.835891203197372,
    0.8197493979997952,
    0.8139959412157688,
    0.8025282708275349,
    0.7879996541363504,
    0.7928261846837485,
    0.7795233138077095,
    0.7628142624864798,
    0.7696421160112561,
    0.75886655859935,
    0.744597543840823,
    0.754374539227132,
    0.7458929730498273,
    0.7447346567802722,
    0.7480360168935088,
    0.729828374922428,
    0.726927358933422,
    0.7227277624637575,
    0.7277554802577514,
    0.7282735842573064,
    0.7127245804842781,
    0.7201679246809781,
    0.7184937927119263,
    0.7084326864508412,
    0.711176991615149,
    0.7140173686434851,
    0.6969968274883602,
    0.6987536483256104,
    0.702870182140404,
    0.6946472581237784,
    0.6972351530018974,
    0.6870456818881852,
    0.6914413608705906,
    0.6977511099384873,
    0.6868999338211002,
    0.6833853333654916,
    0.6851939186263267,
    0.6941864434105661,
    0.6804592229063858,
    0.679122263437037,
    0.6842847199696104,
    0.6794607377875491,
    0.675808536198438,
    0.6787623196001857,
    0.6793266577488931,
    0.6641865410768163,
    0.6683947122310434,
    0.6738249864572149,
    0.6654407366005051,
    0.6675349534167658,
    0.66990908530667,
    0.665231085570572,
    0.654945765081269,
    0.6655868797960793,
    0.6556751470431648,
    0.6588023317896802,
    0.6575249509738229,
    0.6608717354667156,
    0.668178693031716,
    0.6558360906360704,
    0.6547891159953974,
    0.6572055952323367,
    0.6463176211737611,
    0.6596147374576314,
    0.6485410687868552,
    0.6506480477045259,
    0.650787219290843,
    0.6519567163856438,
    0.6613943356534709,
    0.6475385602020547,
    0.6530458742700269,
    0.6521388926469457,
    0.6574609226278026,
    0.6553209263955235,
    0.6483679097479261,
    0.6500826365959919,
    0.6526123947652099,
    0.6534820777528426,
    0.6438772346052672,
    0.6469796876163434,
    0.6428858755951952,
    0.6421294277128966,
    0.6447085724462329,
    0.6481859529262308,
    0.6468626220360436,
    0.6421130951255789,
    0.652077245285444,
    0.6461917274748273,
    0.6416332163774144,
    0.6370739153279062,
    0.6426113157930886,
    0.6410867973514225,
    0.6334578561051117,
    0.6361387091524461,
    0.6369833115421598,
    0.6431674601324379,
    0.6471163394201137,
    0.6382030269983784,
    0.6413061783441802,
    0.6327994022985248,
    0.6372027284349017,
    0.6437421189549634,
    0.6420144710851752,
    0.6390990399186264,
    0.6311487609620594,
    0.6402714970471609,
    0.6286747203306164,
    0.6310070368944837,
    0.6327462973039778,
    0.6423881627104776,
    0.6424773370518404,
    0.6332316342217233,
    0.6365241528014698,
    0.633383222324464,
    0.6413715513008634,
    0.6292834056307898,
    0.6373380855526156,
    0.634891115033718,
    0.6307891444172091,
    0.6369275646593869,
    0.6448555126824342,
    0.6287815022803939,
    0.6260510090824283,
    0.629057163015351,
    0.6322977898066001,
    0.6332438799273937,
    0.6329194814195414,
    0.6285865640701236,
    0.6303051767294364,
    0.6321775591586862,
    0.6290971029292592,
    0.6249439268923171,
    0.6319517134248144,
    0.6251938238625636,
    0.6288553038826379,
    0.6244126272475933,
    0.6316665093917067,
    0.6384231228657695,
    0.6312009962013615,
    0.6270946797812381,
    0.6269372406670505,
    0.6310332922069618,
    0.628032751552894,
    0.6263812445008846,
    0.6315909639343886,
    0.6271255581122835,
    0.6292132602628234,
    0.6258718092423265,
    0.6273477592736559,
    0.6212385048341873,
    0.6282283030355068,
    0.6292347040627618,
    0.6291140004649491,
    0.6267163034747628,
    0.6298891443883061,
    0.6272913116170927,
    0.6304072031127218,
    0.6218104443281812,
    0.6227198657019973,
    0.6281702547427028,
    0.6381759179370178,
    0.6268806320322139,
    0.6267390145975,
    0.6197018892411381,
    0.6186075789849167,
    0.6306331070792645,
    0.6292080243530176,
    0.6326225955620446,
    0.6253391093457751,
    0.6239597830930939,
    0.6327007070679189,
    0.6263731777515558,
    0.6228919386711267,
    0.6239660603311056,
    0.6195481340293689,
    0.616571147118688,
    0.6239048841664249,
    0.6204984273447101,
    0.6329854066719485,
    0.6271838827053909,
    0.6269207050275925,
    0.6363294415766626,
    0.6311815353610631,
    0.6223543875510126,
    0.505292869132498,
    0.4861300564025674,
    0.47978984112934686,
    0.4753809570503967,
    0.4729661629785357,
    0.4709624560440288,
    0.4694819893983319,
    0.4712461022007496,
    0.4694787596955019,
    0.4683604039956846,
    0.4712556745390148,
    0.46426215219070843,
    0.4706135684114588,
    0.4672820985012347,
    0.46968008299617814,
    0.46609306465024536,
    0.4673180577852537,
    0.47160965798760923,
    0.4685364390730553,
    0.46909174025820954,
    0.4688163629120878,
    0.46825994029069495,
    0.4650162250337089,
    0.4697570206259218,
    0.4691794709781247,
    0.4667082706375805,
    0.46896321160714033,
    0.4712345808210885,
    0.4689216253245273,
    0.4699306385901273,
    0.46927601342920755,
    0.46678914278364547,
    0.4706516479287306,
    0.4735088239392966,
    0.4754179673426596,
    0.47418845683107597,
    0.4683177870557741,
    0.4718798171833653,
    0.4739524873016435,
    0.47062395943705077,
    0.47484897027540085,
    0.47264725221392445,
    0.4758862099988991,
    0.47172469083610397,
    0.47534101988043626,
    0.4720811781371036,
    0.47389483040251085,
    0.4767814679523868,
    0.47515516025026133,
    0.4787217668255272,
    0.4539846884625037,
    0.45344227316129543,
    0.4490091796116451,
    0.4509194602670572,
    0.4528966085685184,
    0.44976476299793217,
    0.44866388677940955,
    0.4513546623994627,
    0.44747834711733375,
    0.45012438480201583,
    0.4467495403936147,
    0.4492306001198566,
    0.4486101778876751,
    0.45166082180979306,
    0.4494815486700029,
    0.45247870737024587,
    0.4498014235130661,
    0.44866116897529346,
    0.44921078024160527,
    0.44917045301183717,
    0.44508717630220496,
    0.4506596989186524,
    0.4502829330808976,
    0.4484165961785085,
    0.4444460909994667,
    0.4499063772313735,
    0.44894246093909757,
    0.45001415393846417,
    0.44759215471689656,
    0.450028746024422,
    0.4484978041533009,
    0.44996048773036285,
    0.4490011037158234,
    0.4507563044043148,
    0.45052493899069784,
    0.4493093784812771,
    0.4498094677772668,
    0.4501580986982721,
    0.4508840213041476,
    0.44884205375181135,
    0.450415295408205,
    0.4478952013470633,
    0.4460829338606666,
    0.4473985983130267,
    0.45032366172736865,
    0.4470310253865274,
    0.45051146735010855,
    0.44644618522175744,
    0.4487699851050706,
    0.44800566819012927,
    0.44586384334527623,
    0.4488676434282757,
    0.44601119006686196,
    0.4478133957632972,
    0.44457497605887214,
    0.44646679021208485,
    0.44413004278222007,
    0.4460992122550145,
    0.4401398672319739,
    0.4451341194569912,
    0.4437055910182426,
    0.44351867089033736,
    0.44484066574469855,
    0.44673562499568287,
    0.4452851458126322,
    0.445851370882805,
