{
  "status": "ok",
  "cell_id": "b_convpool_noaug_cifar10",
  "letter": "B",
  "variant": "convpool",
  "dataset": "cifar10",
  "augment": false,
  "lr": 0.05,
  "best_lr": 0.05,
  "epochs_total": 350,
  "epochs_run": 350,
  "metric": 0.8724,
  "test_error_pct": 12.760000000000005,
  "test_accuracy": 0.8724,
  "accuracy": 0.8724,
  "final_train_loss": 0.33546940959475535,
  "train_loss_history": [
    1.9900992313004515,
    1.571458290604984,
    1.3690134646642544,
    1.2228533009738873,
    1.155189871788025,
    1.1069430402477685,
    1.043783202348158,
    1.0146679622133066,
    0.9639000209701031,
    0.9583920507174929,
    0.915137632576096,
    0.8806500227554984,
    0.8763622983032481,
    0.8597147415970903,
    0.8377674382056117,
    0.8194046461063883,
    0.809123112722431,
    0.8002724095683573,
    0.7815787372991557,
    0.7776100307017031,
    0.778976122131738,
    0.7674123218754674,
    0.7617187870432959,
    0.7539730469893922,
    0.7568791807460054,
    0.7361516454030791,
    0.7417644143409436,
    0.7214050052873314,
    0.7205202812733857,
    0.7134817549792092,
    0.706935319373065,
    0.7131118153214759,
    0.7082410041633469,
    0.7025136791379251,
    0.6996535254104058,
    0.6993123533018409,
    0.6858822863425136,
    0.6905409976497026,
    0.6856055025706815,
    0.6836967975129862,
    0.6864582960258054,
    0.6753557421972075,
    0.6710152172523997,
    0.6695460536138481,
    0.6633611424347324,
    0.6763485670089722,
    0.6622449651246181,
    0.6633426508177882,
    0.6403576698144684,
    0.655618574460754,
    0.6613975361637447,
    0.6463616642043414,
    0.6489611910584637,
    0.6495529753930124,
    0.6439835315622637,
    0.6371135616393955,
    0.6373697969004931,
    0.6420795876351769,
    0.6516233780957243,
    0.6349462272261109,
    0.6251895254682702,
    0.6237550862609883,
    0.628060954534794,
    0.6270341754264539,
    0.6260167109539442,
    0.6290204080626788,
    0.629930585775229,
    0.6232871372833886,
    0.6218003803659278,
    0.6287242418055035,
    0.6186726814340753,
    0.6064594457369021,
    0.6113456272713059,
    0.6155853583989546,
    0.6145706668381801,
    0.6059576311074865,
    0.6067101057533109,
    0.6091025320007978,
    0.6078244241149834,
    0.6051661698409664,
    0.6013029330526777,
    0.6144942654215771,
    0.6077942196517954,
    0.6097440049623895,
    0.616860836210763,
    0.6082619902727854,
    0.6150384796854785,
    0.6125232702325982,
    0.5952709895723006,
    0.5996565459024571,
    0.5871218115167545,
    0.5968846429491896,
    0.6030448375608001,
    0.5961222778958128,
    0.5969786724013746,
    0.5982722522657545,
    0.5936203594402889,
    0.5837898763549297,
    0.5872627713186357,
    0.5982545128716227,
    0.5854228345481941,
    0.587055697694154,
    0.6011324212374285,
    0.5860964878440817,
    0.5888530169149189,
    0.5845132698793241,
    0.5945628504923848,
    0.5925238415255876,
    0.5968930063497685,
    0.5929792079016986,
    0.5909131801951572,
    0.5835394986602657,
    0.5787834940511553,
    0.5830142244201182,
    0.5838485259534149,
    0.572545943510197,
    0.5784359737430387,
    0.5760750467972378,
    0.5830296534863885,
    0.5748891154366076,
    0.5838354659812225,
    0.5832965263472799,
    0.585142497211466,
    0.5775542114396839,
    0.5701459161460857,
    0.5807222724723085,
    0.5705261988103237,
    0.5682704658307078,
    0.5755998505960644,
    0.5780780116462951,
    0.5771220562708043,
    0.5793551316346659,
    0.5741380871561788,
    0.5818901620709988,
    0.5829998619111297,
    0.5707140037470766,
    0.5730381556179213,
    0.5803321481055921,
    0.5726640554492736,
    0.5689117504507685,
    0.5706058551588327,
    0.5808960203929325,
    0.5661695907487894,
    0.567173806145368,
    0.5742288582465228,
    0.5692752856580193,
    0.5737004864703664,
    0.571992257290789,
    0.5771217902603052,
    0.5714511705176605,
    0.5670211368509571,
    0.5695338701957937,
    0.5696588977218588,
    0.5682644655789866,
    0.5632293389733795,
    0.5612510442733765,
    0.5738446866459859,
    0.566347853302041,
    0.5690480183305033,
    0.5663581298440313,
    0.5740663751464365,
    0.564931348842733,
    0.5681133532463132,
    0.5625900160473631,
    0.559558525414723,
    0.5731186591603262,
    0.5681918983721672,
    0.5613431839839272,
    0.5656855690967092,
    0.5623059232369103,
    0.5663746563369966,
    0.5690416006938271,
    0.564985754087453,
    0.5652145208300227,
    0.5544275706991211,
    0.5609601582102763,
    0.559536703102424,
    0.5635004407914398,
    0.5583111234485646,
    0.5545149793862687,
    0.5652288353961447,
    0.5556047650249413,
    0.5606453137477035,
    0.5614599943008569,
    0.564383075746429,
    0.559363124315696,
    0.5583405846829914,
    0.5687672560629637,
    0.5603369943168767,
    0.5600376091040004,
    0.5608807568202543,
    0.55926853692745,
    0.5621163351151645,
    0.5582803705769122,
    0.5597100664130257,
    0.5554810160261285,
    0.5603209007579042,
    0.5552320856115093,
    0.566874469256462,
    0.5604267750707124,
    0.4103044930778806,
    0.39094983247082554,
    0.3824957710931368,
    0.38277351780010915,
    0.37665146196742194,
    0.37472463035217635,
    0.3734835866467117,
    0.37267009346076596,
    0.3702274786541834,
    0.37090089875261495,
    0.368974771379205,
    0.36683212838057055,
    0.37113394292876545,
    0.3664303441410479,
    0.3668714468665135,
    0.3670913679977817,
    0.36752077952370316,
    0.36860431185768694,
    0.3685702180008754,
    0.3694610012233105,
    0.3631133042714175,
    0.3686543686691757,
    0.36867916481116847,
    0.3691537544855376,
    0.3693144248650812,
    0.3688833167409653,
    0.3711252585243996,
    0.3730640272655146,
    0.3725696587958909,
    0.3695946396006953,
    0.36973634541339584,
    0.37179582331643996,
    0.37230774908876785,
    0.3730723112821579,
    0.3711067691559682,
    0.3733367959556677,
    0.3759175223081618,
    0.3733719598759166,
    0.3709420701274482,
    0.37423122489391386,
    0.37545946865435453,
    0.3750164185643501,
    0.372770950541167,
    0.3734738456699854,
    0.3736448289869386,
    0.37542084918912416,
    0.3780820166592098,
    0.3820133878065802,
    0.3779795419834459,
    0.3775687598816269,
    0.3482666757253125,
    0.34493253580139727,
    0.34710450176997565,
    0.34311867960731085,
    0.34499211716072636,
    0.3437309296006132,
    0.34427034569061016,
    0.34095940397828434,
    0.3446878772562422,
    0.34613674021590396,
    0.3432898822114291,
    0.34215714555719623,
    0.34076791872148926,
    0.342336969264328,
    0.34302578595898037,
    0.3407352023264941,
    0.3399547593444205,
    0.34357173794218343,
    0.34089938838920936,
    0.3410575956944614,
    0.34213040273665163,
    0.34267107631696764,
    0.3400920060132166,
    0.3422706629080541,
    0.33986961346148226,
    0.34393170716055216,
    0.33958650633807075,
    0.34159652473371654,
    0.34051352320119854,
    0.3402183189264039,
    0.3377410681046488,
    0.3407408518483267,
    0.3412870071504427,
    0.34212724022243335,
    0.3398689278937362,
    0.3404827888130837,
    0.3411811155736294,
    0.3402496620136149,
    0.3390753136190307,
    0.3402793608663027,
    0.3401282098134765,
    0.33815170264305056,
    0.33940565688988134,
    0.3411388075946237,
    0.3394372327172238,
    0.3428601722430695,
    0.33804748605584245,
    0.3438273246407204,
    0.3396663907010232,
    0.3421382335064661,
    0.3397058767964468,
    0.33609866718654435,
    0.33599783716451787,
    0.3364228044858064,
    0.3374048483265025,
    0.33924035750843984,
    0.33570438047961504,
    0.3376292209414875,
    0.3361335550351521,
    0.33520036478481635,
    0.3362238981458537,
    0.3370986973004573,
    0.33727766066560966,
    0.3362248292969316,
    0.3371463621897466,
