{
  "paper": {
    "id": "2605.15155",
    "title": "SDAR: Self-Distilled Agentic Reinforcement Learning"
  },
  "verdict": "partial",
  "reproduction_summary": "Partial reproduction of SDAR (arXiv 2605.15155). Algorithm: L_total=L_GRPO+0.1*L_OPSD, g_t=sigmoid(10*Delta_t), Delta_t=log pi_teacher - log pi_student (stop-gradient on teacher+gate). Qwen3-1.7B/Search-QA: SDAR=0.0543, GRPO=0.0567, GRPO+OPSD=0.0521. Qwen2.5-3B/Search-QA: SDAR=N/A, GRPO=0.1450. Rubric: 0.363/0.600. Scope limited to Search-QA on 1.7B/3B models. ALFWorld/WebShop unavailable (simulator/server required). 7B models capacity-skipped (>24GB). Skill-SD/RLSD/OPSD baselines not implemented.",
  "baseline_metrics": {
    "status": "complete",
    "per_model": {
      "qwen3_1_7b": {
        "search_qa": {
          "sdar": {
            "status": "ok",
            "metric": 0.054303844589571715,
            "reward_mean": 0.054303844589571715,
            "gate_mean": 0.4175413267686963,
            "gate_active": 0.3173767340835184,
            "zero_shot_f1": 0.06956104579015578,
            "steps_run": 150,
            "wall_time_s": 878.1680161952972,
            "cell_id": "qwen3_1_7b__sdar__search_qa__s42"
          },
          "grpo": {
            "status": "ok",
            "metric": 0.05668243855822004,
            "reward_mean": 0.05668243855822004,
            "gate_mean": 0.0,
            "gate_active": 0.0,
            "zero_shot_f1": 0.04914822620302072,
            "steps_run": 150,
            "wall_time_s": 824.5147993564606,
            "cell_id": "qwen3_1_7b__grpo__search_qa__s42"
          },
          "grpo_opsd": {
            "status": "ok",
            "metric": 0.05211247086247086,
            "reward_mean": 0.05211247086247086,
            "gate_mean": 0.9999999988824129,
            "gate_active": 0.9999999988824129,
            "zero_shot_f1": 0.06921722950684481,
            "steps_run": 150,
            "wall_time_s": 539.2502822875977,
            "cell_id": "qwen3_1_7b__grpo_opsd__search_qa__s42"
          }
        }
      },
      "qwen2_5_3b": {
        "search_qa": {
          "grpo": {
            "status": "ok",
            "metric": 0.14498335431348147,
            "reward_mean": 0.14498335431348147,
            "gate_mean": 0.0,
            "gate_active": 0.0,
            "zero_shot_f1": 0.05529471222451245,
            "steps_run": 150,
            "wall_time_s": 835.9527711868286,
            "cell_id": "qwen2_5_3b__grpo__search_qa__s42"
          }
        }
      }
    },
    "scope": {
      "models_run": [
        "qwen2_5_3b",
        "qwen3_1_7b"
      ],
      "models_skipped": [],
      "environments_skipped": [],
      "gaps": []
    }
  },
  "paper_claims": {
    "core_contribution": "SDAR (Self-Distilled Agentic Reinforcement Learning) treats On-Policy Self-Distillation (OPSD) as a gated auxiliary objective with RL (GRPO) as the primary optimization backbone. It maps detached token-level signals into a sigmoid gate g_t = sigma(beta * Delta_t), strengthening distillation on teacher-endorsed positive-gap tokens and softly attenuating negative teacher rejections. lambda=0.1, beta=10.",
    "claims": [
      {
        "method": "SDAR",
        "dataset": "ALFWorld",
        "metric": "task_success_rate",
        "expected_result": "+9.4% over GRPO"
      },
      {
        "method": "SDAR",
        "dataset": "WebShop",
        "metric": "accuracy",
        "expected_result": "+10.2% over GRPO"
      },
      {
        "method": "SDAR",
        "dataset": "Search-QA",
        "metric": "F1_or_accuracy",
        "expected_result": "+7.0% over GRPO"
      },
      {
        "method": "GRPO",
        "dataset": "ALFWorld",
        "metric": "task_success_rate",
        "expected_result": "baseline"
      },
      {
        "method": "GRPO+OPSD",
        "dataset": "ALFWorld",
        "metric": "task_success_rate",
        "expected_result": "unstable"
      }
    ],
    "datasets": [
      "ALFWorld",
      "WebShop",
      "Search-QA"
    ],
    "key_params": {
      "lambda": 0.1,
      "beta": 10,
      "gate": "g_t=sigmoid(10*Delta_t)",
      "stop_gradient": true
    }
  },
  "rubric": {
    "overall_score": 0.3633423076923077,
    "meets_target": false,
    "areas": [
      {
        "area": "Method and code fidelity to the paper",
        "score": 0.6275,
        "weight": 0.38,
        "compute_adjusted_score": 0.6275
      },
      {
        "area": "Data and preprocessing fidelity",
        "score": 0.09,
        "weight": 0.14,
        "compute_adjusted_score": 0.09
      },
      {
        "area": "Experiment execution and reproducibility",
        "score": 0.37,
        "weight": 0.18,
        "compute_adjusted_score": 0.37
      },
      {
        "area": "Evaluation protocol and metric correctness",
        "score": 0.18461538461538463,
        "weight": 0.15,
        "compute_adjusted_score": 0.18461538461538463
      },
      {
        "area": "Result match versus the paper's reported targets",
        "score": 0.015,
        "weight": 0.1,
        "compute_adjusted_score": 0.015
      },
      {
        "area": "Artifact completeness and provenance",
        "score": 0.32999999999999996,
        "weight": 0.05,
        "compute_adjusted_score": 0.32999999999999996
      }
    ],
    "leaf_scores": [
      {
        "id": "5b717e4f904447dbb9af022cb357f113",
        "score": 0.1,
        "justification": "No evidence of ALFWorld/WebShop prompt templates; only Search-QA closed-book prompts implemented, with no explicit reference to Figures 15-17 or skill_context handling."
      },
      {
        "id": "ddd545002e2b4beda5352fec185553ee",
        "score": 0.7,
        "justification": "Metrics.json logs gate_mean, gate_active, delta_t_mean, opsd_loss_mean, and reward_mean per cell, matching the five diagnostics, though only as scalars rather than full curves (curves.json mentioned but not shown)."
      },
      {
        "id": "b78dce6eab014b7b8f526096388f37f7",
        "score": 0.0,
        "justification": "ALFWorld is explicitly out of scope and no ALFWorld results are produced."
      },
      {
        "id": "9ce7abf4b7ac469bbdf6dadbe856b87b",
        "score": 0.4,
        "justification": "Qwen2.5-3B Search-QA SDAR (0.376) exceeds GRPO (0.177) by ~+20%, showing directional improvement but not matching the specific +7.0% claim from Table 1."
      },
      {
        "id": "9bf5f1fa91194142bd1db6148e4b7e1a",
        "score": 0.0,
        "justification": "WebShop is not implemented or evaluated in this reproduction."
      },
      {
        "id": "272c4c09a02842ffbfc7513e76634149",
        "score": 0.0,
        "justification": "ALFWorld is out of scope; no Qwen3-1.7B ALFWorld results are produced."
      },
      {
        "id": "918a757c793746b1b2e1af56a33346aa",
        "score": 0.4,
        "justification": "On Search-QA, SDAR (0.086) outperforms GRPO+OPSD (0.023) on Qwen3-1.7B and OPSD-variant collapses near zero on Qwen2.5-3B (0.0), partially confirming qualitative claims, but ALFWorld GRPO+OPSD collapse is not demonstrated."
      },
      {
        "id": "c9239cbabf6e46c3af4a5c27f79652b4",
        "score": 0.3,
        "justification": "train.py and train_cell.py exist with cells_manifest.json and commands.log, but only Search-QA is configured; ALFWorld and WebShop configs are absent."
      },
      {
        "id": "41f414bf75e44f308e4e7145ccb90c89",
        "score": 0.6,
        "justification": "train.py records BETA=10.0, LAMBDA=0.1, CLIP_EPS=0.2, ALPHA_KL=0.01, GROUP_SIZE=8, LR=1e-5 as module constants, but no explicit skill retrieval strategy = KM is documented."
      },
      {
        "id": "08e3c5c52ca946b793d601ace9723932",
        "score": 0.4,