{"step": [0, 1, 2, 3, 4, 5, 6, 7, 8, 9, 10, 11, 12, 13, 14, 15, 16, 17, 18, 19, 20, 21, 22, 23, 24, 25, 26, 27, 28, 29, 30, 31, 32, 33, 34, 35, 36, 37, 38, 39, 40, 41, 42, 43, 44, 45, 46, 47, 48, 49, 50, 51, 52, 53, 54, 55, 56, 57, 58, 59, 60, 61, 62, 63, 64, 65, 66, 67, 68, 69, 70, 71, 72, 73, 74, 75, 76, 77, 78, 79, 80, 81, 82, 83, 84, 85, 86, 87, 88, 89, 90, 91, 92, 93, 94, 95, 96, 97, 98, 99, 100, 101, 102, 103, 104, 105, 106, 107, 108, 109, 110, 111, 112, 113, 114, 115, 116, 117, 118, 119, 120, 121, 122, 123, 124, 125, 126, 127, 128, 129, 130, 131, 132, 133, 134, 135, 136, 137, 138, 139, 140, 141, 142, 143, 144, 145, 146, 147, 148, 149], "loss": [0.10479185730218887, 0.08914523292332888, 0.07229818683117628, 0.08287565317004919, 0.07925650430843234, 0.0861070454120636, 0.09557585511356592, 0.0598014397546649, 0.08010547561571002, 0.06669722497463226, 0.06299336394295096, 0.07554420176893473, 0.058767656330019236, 0.07431384176015854, 0.07544466014951468, 0.060332163237035275, 0.05857910308986902, 0.062449115328490734, 0.04994506947696209, 0.06119158957153559, 0.0557757462374866, 0.05055243521928787, 0.05638675531372428, 0.06491340510547161, 0.048800712917000055, 0.06987628852948546, 0.04758564569056034, 0.052121326327323914, 0.06339585036039352, 0.05475912056863308, 0.05757286073639989, 0.05223068781197071, 0.07181113492697477, 0.06404408346861601, 0.05892631225287914, 0.08761498611420393, 0.09749716520309448, 0.06839911872521043, 0.06720195710659027, 0.1089533381164074, 0.07906026020646095, 0.08249887824058533, 0.10325686726719141, 0.09380932757630944, 0.06558354571461678, 0.05810347571969032, 0.06614484544843435, 0.048741050995886326, 0.06601807149127126, 0.05446244264021516, 0.05329113965854049, 0.04607317456975579, 0.05817253515124321, 0.048281661700457335, 0.04542633658275008, 0.05395265202969313, 0.06587005080655217, 0.05078683188185096, 0.05296661565080285, 0.04603809164837003, 0.060400140937417746, 0.07120648585259914, 0.06309796264395118, 0.05316968122497201, 0.06745328614488244, 0.054957214277237654, 0.050022684037685394, 0.06487497966736555, 0.05276642832905054, 0.03579369490034878, 0.04463791218586266, 0.05252587841823697, 0.05539680831134319, 0.0514401919208467, 0.03848924278281629, 0.026755319209769368, 0.02533128554932773, 0.027131985174492, 0.030949622043408453, 0.028788954252377152, 0.033982525346800685, 0.046095188008621335, 0.039765162859112024, 0.0477420799434185, 0.03721139905974269, 0.05161870177835226, 0.03820339543744922, 0.042476276867091656, 0.04566869372501969, 0.024217255355324596, 0.041461251908913255, 0.04515767260454595, 0.03249462367966771, 0.04729127045720816, 0.02790304203517735, 0.03627559612505138, 0.03777776472270489, 0.03124329005368054, 0.04945320449769497, 0.0215946160024032, 0.0363069036975503, 0.027410713024437428, 0.02827030059415847, 0.03349316259846091, 0.016628897516056895, 0.02144352823961526, 0.045817344915121794, 0.03228404512628913, 0.04199894273187965, 0.0300302297109738, 0.032986722653731704, 0.026250431081280112, 0.028109567938372493, 0.01880880573298782, 0.038563492707908154, 0.02309821918606758, 0.01527100708335638, 0.01315028517274186, 0.01461600256152451, 0.03948340658098459, 0.033599651884287596, 0.027090413263067603, 0.05111452378332615, 0.03092916333116591, 0.022177075501531363, 0.03460376104339957, 0.03515926166437566, 0.04618830676190555, 0.021857747109606862, 0.03131462843157351, 0.0393945457180962, 0.015518360305577517, 0.021744331577792764, 0.02192774013383314, 0.00497597228968516, 0.00867826264584437, 0.0037621093360939994, 0.010830337880179286, 0.016597809502854943, 0.055439065443351865, 0.024157140986062586, 0.009109818958677351, 0.028600529301911592, 0.01346235943492502, 0.02239311160519719, 0.009510691626928747, 0.0011703803902491927, 0.00018503474711906165, 9.488806972512975e-05, 0.010916871251538396], "grpo_loss": [2.8172507882118225e-08, 0.0, 0.0, 0.0, 0.0, 1.4901161193847656e-08, 0.0, 0.0, 0.0, -2.9802322387695312e-08, 0.0, 0.0, 0.0, 3.725290298461914e-08, 3.14321368932724e-08, 0.0, 0.0, 0.0, 0.0, 0.0, 0.0, -7.450580596923828e-08, 0.0, -4.470348358154297e-08, 0.0, 0.0, 0.0, 0.0, -4.0978193283081055e-08, 0.0, 0.0, 0.0, 0.0, 0.0, 0.0, 0.0, 0.0, 0.0, 0.0, 0.0, 0.0, 0.0, 0.0, 0.0, 0.0, -7.450580596923828e-09, 0.0, 0.0, 0.0, 0.0, 0.0, 0.0, -7.450580596923828e-09, 0.0, 0.0, 0.0, 0.0, 0.0, 0.0, 0.0, 0.0, 0.0, 0.0, 0.0, 0.0, 0.0, 0.0, 0.0, 0.0, 0.0, 0.0, 0.0, 0.0, 0.0, 0.0, 0.0, 0.0, 0.0, 0.0, 0.0, 0.0, 0.0, 0.0, 0.0, 0.0, 0.0, 0.0, 0.0, 0.0, 0.0, 0.0, 0.0, 0.0, 0.0, 0.0, 0.0, 0.0, 0.0, 0.0, 0.0, 0.0, 0.0, 0.0, 0.0, 0.0, 0.0, 0.0, 0.0, 0.0, 0.0, 0.0, 0.0, 0.0, 0.0, 0.0, 0.0, 0.0, 0.0, 0.0, 0.0, 0.0, 0.0, 0.0, 0.0, 0.0, 0.0, 0.0, 0.0, 0.0, 0.0, 0.0, 0.0, 0.0, 0.0, 0.0, 0.0, 0.0, 0.0, 0.0, 0.0, 0.0, 0.0, 0.0, 0.0, 0.0, 0.0, 0.0, 0.0, 0.0, 0.0], "opsd_loss": [1.047918163239956, 0.891452319920063, 0.7229818627238274, 0.8287565186619759, 0.7925650328397751, 0.8610703870654106, 0.9557585269212723, 0.5980143807828426, 0.8010547459125519, 0.6669725775718689, 0.6299336329102516, 0.7554420158267021, 0.5876765474677086, 0.743138000369072, 0.7544463351368904, 0.6033216118812561, 0.5857910290360451, 0.6244911402463913, 0.4994506910443306, 0.6119158789515495, 0.557757455855608, 0.5055250637233257, 0.5638675428926945, 0.6491346172988415, 0.488007128238678, 0.6987628787755966, 0.4758564531803131, 0.5212132520973682, 0.6339589692652225, 0.5475912019610405, 0.5757286101579666, 0.5223068632185459, 0.718111339956522, 0.6404408328235149, 0.5892631188035011, 0.8761498481035233, 0.9749716520309448, 0.6839911788702011, 0.6720195636153221, 1.0895333662629128, 0.7906026020646095, 0.8249887675046921, 1.0325686559081078, 0.9380932711064816, 0.6558354385197163, 0.5810347571969032, 0.6614484377205372, 0.4874105043709278, 0.6601806916296482, 0.5446244105696678, 0.5329113900661469, 0.46073174104094505, 0.5817253477871418, 0.4828166104853153, 0.4542633555829525, 0.5395265109837055, 0.6587004959583282, 0.5078683122992516, 0.5296661481261253, 0.4603809043765068, 0.6040014028549194, 0.7120648324489594, 0.6309796199202538, 0.5316968038678169, 0.6745328493416309, 0.5495721325278282, 0.500226829200983, 0.6487497910857201, 0.5276642739772797, 0.35793694108724594, 0.4463791027665138, 0.5252587758004665, 0.5539680682122707, 0.5144019052386284, 0.3848924171179533, 0.2675531879067421, 0.25331284664571285, 0.2713198456913233, 0.3094962164759636, 0.28788953833281994, 0.339825252071023, 0.46095187216997147, 0.3976516220718622, 0.4774208925664425, 0.37211398407816887, 0.5161870121955872, 0.38203394785523415, 0.4247627668082714, 0.45668693259358406, 0.2421725494787097, 0.4146125167608261, 0.4515767227858305, 0.32494623120874166, 0.4729127027094364, 0.2790304161608219, 0.3627559579908848, 0.3777776397764683, 0.3124328963458538, 0.49453204311430454, 0.21594615653157234, 0.36306902952492237, 0.2741071246564388, 0.28270300291478634, 0.33493161760270596, 0.16628897096961737, 0.21443527936935425, 0.45817343704402447, 0.3228404466062784, 0.4199894145131111, 0.30030229315161705, 0.32986721955239773, 0.2625043112784624, 0.2810956798493862, 0.18808805383741856, 0.38563492335379124, 0.23098218627274036, 0.15271006803959608, 0.13150285091251135, 0.14616002514958382, 0.3948340639472008, 0.33599651604890823, 0.27090413123369217, 0.5111452247947454, 0.3092916253954172, 0.22177075035870075, 0.34603760577738285, 0.35159261152148247, 0.4618830606341362, 0.21857746690511703, 0.31314627453684807, 0.3939454536885023, 0.15518359933048487, 0.2174433134496212, 0.21927739586681128, 0.04975972278043628, 0.0867826254107058, 0.037621092749759555, 0.10830337647348642, 0.165978092700243, 0.5543906465172768, 0.24157140590250492, 0.0910981884226203, 0.28600528836250305, 0.13462359085679054, 0.2239311095327139, 0.09510691510513425, 0.01170380413532257, 0.0018503473838791251, 0.0009488806826993823, 0.10916871018707752],