{
  "status": "ok",
  "cell_id": "a_strided_noaug_cifar10",
  "letter": "A",
  "variant": "strided",
  "dataset": "cifar10",
  "augment": false,
  "lr": 0.05,
  "best_lr": 0.05,
  "epochs_total": 350,
  "epochs_run": 350,
  "metric": 0.8051,
  "test_error_pct": 19.489999999999995,
  "test_accuracy": 0.8051,
  "accuracy": 0.8051,
  "final_train_loss": 0.6437282725368314,
  "train_loss_history": [
    1.9079015215339563,
    1.5164658145221603,
    1.3533340899840645,
    1.2611397616088849,
    1.2057432574994118,
    1.1598131580425954,
    1.1323724701581404,
    1.0956649037883104,
    1.0782930950069671,
    1.0686696424813527,
    1.0489585180111858,
    1.0338702305503513,
    1.011989688781826,
    1.0113868981676029,
    1.0005851709629263,
    0.9919662106677395,
    0.978254836081239,
    0.9704269300336423,
    0.9593480985487819,
    0.9509755728189903,
    0.9445150951900141,
    0.943343713460371,
    0.9403461269710375,
    0.9279676848055457,
    0.9224063990366124,
    0.9197626421823526,
    0.9127947909142965,
    0.9101104661631767,
    0.9054477634027486,
    0.8955676561731207,
    0.8870112700840397,
    0.8953470584681577,
    0.8864521007708577,
    0.8796254934557258,
    0.8855058803887623,
    0.8776682374422508,
    0.8795448424261244,
    0.8796357425582378,
    0.8675055755373767,
    0.8774019662681443,
    0.8703904075695731,
    0.860126736218972,
    0.8646162955657296,
    0.8603347305141752,
    0.8539043910363141,
    0.8571787816484261,
    0.8561868416073987,
    0.8532625468795562,
    0.8530332644272338,
    0.8510964457946055,
    0.8522154126325836,
    0.854147000081094,
    0.8447592653276975,
    0.8440454669315797,
    0.8503907338127761,
    0.8417400382363888,
    0.8405397945962598,
    0.8430898616381008,
    0.8473227911288171,
    0.8409951989303159,
    0.8373405924233635,
    0.8343557561449992,
    0.8422951106830021,
    0.8364090157286895,
    0.833958133102378,
    0.8413043837718037,
    0.8393388498774574,
    0.835302325465795,
    0.8405036394248533,
    0.8366836231687794,
    0.8340278510242471,
    0.836264250223594,
    0.8338349627716767,
    0.8340186138287224,
    0.8268973577357924,
    0.830265886186029,
    0.8375847511889075,
    0.8253053993825108,
    0.8330589586206715,
    0.8374340773543434,
    0.829177993490263,
    0.8273981622112986,
    0.8307878757681688,
    0.8187610497864921,
    0.8239169349450894,
    0.8301914111732522,
    0.8302024330019646,
    0.8321332401021972,
    0.8334766088239373,
    0.8298624610656973,
    0.8271278017927008,
    0.8230807843720517,
    0.8269990979862945,
    0.8239652072377217,
    0.8288148867199793,
    0.8253641924284914,
    0.8206017110353846,
    0.8207734463464879,
    0.822310770259184,
    0.8209680613044583,
    0.8220417292221732,
    0.82206270273994,
    0.820044418277643,
    0.819390594959259,
    0.8168358927797479,
    0.8208034096471489,
    0.8206110980809497,
    0.8157893824760262,
    0.8165660857239647,
    0.81621250731256,
    0.8235075371649564,
    0.816886291327074,
    0.8141909412410863,
    0.8244528988438189,
    0.825925462538629,
    0.816930632457099,
    0.8157937720303645,
    0.825524311693733,
    0.829230532164464,
    0.8158714730111535,
    0.8103334835118345,
    0.8172215151664851,
    0.8227576246042081,
    0.8119729450901451,
    0.8139141727896297,
    0.8160208097809111,
    0.8150764537589325,
    0.8167046323761611,
    0.823546756563894,
    0.8238480266402749,
    0.8135688583869154,
    0.8178179218336139,
    0.8134683483396955,
    0.8127293786429384,
    0.8106738382288258,
    0.8148523285565779,
    0.8128619148298297,
    0.8159662104018813,
    0.8102991769990653,
    0.8105403483676179,
    0.825703206422079,
    0.8137236879304852,
    0.8115530268615468,
    0.8210856405365498,
    0.8084410294852293,
    0.8166873078516987,
    0.8127549031506414,
    0.8143618487945908,
    0.8225951373119793,
    0.8146023236577163,
    0.813108205490405,
    0.817480552226991,
    0.8078975432059344,
    0.8127284103342335,
    0.8184656668502046,
    0.8147233175804548,
    0.8205654250691309,
    0.8125966035801432,
    0.8194868448750138,
    0.8219496296799701,
    0.8144522478513401,
    0.8132036511245591,
    0.8078382496943559,
    0.8116467756688442,
    0.8066976949991778,
    0.8106732219076522,
    0.8176019993584479,
    0.8094577687170804,
    0.8095683063692449,
    0.8100667071464421,
    0.8070514624381004,
    0.8112766046048431,
    0.8146766075087936,
    0.8133634937083934,
    0.809514060197279,
    0.8120393469510481,
    0.8060956179638348,
    0.8089014736892622,
    0.8146272519665301,
    0.8054594937187937,
    0.8141440462578288,
    0.81015034999384,
    0.814785291014425,
    0.8065384454129602,
    0.8042631913024141,
    0.8077667539991686,
    0.8118856877012326,
    0.8086745284707345,
    0.8042312811707597,
    0.807041743222405,
    0.812223678354717,
    0.8042450721001686,
    0.8141337335871919,
    0.8151404691474212,
    0.8008785125849497,
    0.803312330294753,
    0.8081292235637869,
    0.8083641516887928,
    0.8135892387546236,
    0.8089759293419626,
    0.7038535958970599,
    0.6868665511041041,
    0.6828356908867731,
    0.676305407453376,
    0.6771125794219239,
    0.6751897091146015,
    0.6724895613882548,
    0.6725796317810293,
    0.6704812983570196,
    0.6721426908622312,
    0.6727521771665119,
    0.6678405959740319,
    0.6702579212615557,
    0.6685836847176028,
    0.6674811846155035,
    0.6682126067026192,
    0.6650232427260455,
    0.6672275778277755,
    0.6658480764959779,
    0.6661307619660711,
    0.6695641190042276,
    0.6671082423166241,
    0.6652227069258385,
    0.6691097141531728,
    0.6677611577693764,
    0.6691319689421398,
    0.6686710370013781,
    0.6673127606396785,
    0.6654503706775968,
    0.6643824445469605,
    0.6658097317304148,
    0.6679701092450515,
    0.6708813282230016,
    0.6718237242277931,
    0.6686931544405115,
    0.669424966092,
    0.6684513656836947,
    0.6725526845363705,
    0.672156226909374,
    0.6719324924909246,
    0.6703145569547668,
    0.6717117646771014,
    0.6734249539997267,
    0.669863521366778,
    0.6705927513444515,
    0.6686300146762673,
    0.6725477878852268,
    0.6722207438305515,
    0.671872637308467,
    0.6731949646759521,
    0.6543022387320429,
    0.6547471085930114,
    0.6515661478042603,
    0.6500826804229366,
    0.6515587847251112,
    0.6487603784369691,
    0.6513665951121493,
    0.651015543343161,
    0.6492123154880446,
    0.6512838693530968,
    0.6501797248640329,
    0.6470640114963512,
    0.6470149144949511,
    0.647235617155919,
    0.6484870250572634,
    0.6469578423615917,
    0.6502440349982522,
    0.6479448186771949,
    0.6506210570140263,
    0.6441109077552395,
    0.6513118887191538,
    0.6518807692448502,
    0.6509107636368793,
    0.6521872622735055,
    0.6499557815244436,
    0.6489194761151853,
    0.6505946102349655,
    0.651078562145038,
    0.6479132958995107,
    0.6490794469023604,
    0.6455092277673199,
    0.6489970498835035,
    0.648072660274213,
    0.6450464640889326,
    0.6480244735012883,
    0.6463157395877497,
    0.6475635148070352,
    0.6479629580017245,
    0.6449976473513162,
    0.646024012580857,
    0.6477347137525563,
    0.6497981014001705,
    0.6460909885366249,
    0.6462951451158889,
    0.6469055553683845,
    0.6452983161982369,
    0.6495645563773182,
    0.6497563022329375,
    0.6473506413914664,
    0.6470852397439425,
    0.6462878124488284,
    0.6441744473736609,
    0.6472904798014999,
    0.6448405682278411,
    0.6429477600033021,
    0.6471132258777423,
    0.6457608988522874,
    0.6432919936716709,
    0.6456678870236477,
    0.6456140209646786,
    0.6418158966866906,
    0.6496761789559709,
    0.6436411566136743,
    0.6457884597503926,
    0.6459985594920186,
    0.6467637909800196,
    0.6454248898626899,
    0.6456787459685674,
