{
  "status": "ok",
  "metric": 0.11424271580716756,
  "reward_mean": 0.11424271580716756,
  "gate_mean": 0.39748348444700243,
  "gate_active": 0.3217216902412474,
  "zero_shot_f1": 0.02793174962292609,
  "steps_run": 150,
  "wall_time_s": 478.58808517456055,
  "cell_id": "qwen3_1_7b__sdar__search_qa__s42"
}