{
  "status": "ok",
  "metric": 0.03736891638538318,
  "reward_mean": 0.03736891638538318,
  "gate_mean": 0.0,
  "gate_active": 0.0,
  "zero_shot_f1": 0.062195737653062536,
  "steps_run": 150,
  "wall_time_s": 798.2614431381226,
  "cell_id": "qwen3_1_7b__grpo__search_qa__s42"
}