{
  "status": "ok",
  "metric": 0.08592456921283025,
  "reward_mean": 0.08592456921283025,
  "gate_mean": 0.38871839419007304,
  "gate_active": 0.2364564911928028,
  "delta_t_mean": -0.2911485564346288,
  "opsd_loss_mean": 0.08337515799503308,
  "zero_shot_f1": 0.04687499999999999,
  "steps_run": 150,
  "wall_time_s": 906.1823465824127,
  "cell_id": "qwen3_1_7b__sdar__search_qa__s42"
}