{"step": [0, 1, 2, 3, 4, 5, 6, 7, 8, 9, 10, 11, 12, 13, 14, 15, 16, 17, 18, 19, 20, 21, 22, 23, 24, 25, 26, 27, 28, 29, 30, 31, 32, 33, 34, 35, 36, 37, 38, 39, 40, 41, 42, 43, 44, 45, 46, 47, 48, 49, 50, 51, 52, 53, 54, 55, 56, 57, 58, 59, 60, 61, 62, 63, 64, 65, 66, 67, 68, 69, 70, 71, 72, 73, 74, 75, 76, 77, 78, 79, 80, 81, 82, 83, 84, 85, 86, 87, 88, 89, 90, 91, 92, 93, 94, 95, 96, 97, 98, 99, 100, 101, 102, 103, 104, 105, 106, 107, 108, 109, 110, 111, 112, 113, 114, 115, 116, 117, 118, 119, 120, 121, 122, 123, 124, 125, 126, 127, 128, 129, 130, 131, 132, 133, 134, 135, 136, 137, 138, 139, 140, 141, 142, 143, 144, 145, 146, 147, 148, 149], "loss": [-2.9802322387695312e-08, -8.940696716308594e-08, 0.0, 0.0, 0.0, 1.4901161193847656e-08, 0.0, -2.60770320892334e-08, 0.0, 0.0, -4.470348358154297e-08, -2.9802322387695312e-08, 0.0, 0.0, 0.0, 2.0489096641540527e-08, 0.0, 0.0, 0.0, -7.450580596923828e-09, 0.0, 0.0, 0.0, 0.0, 0.0, 0.0, 0.0, -7.450580596923828e-09, 1.4901161193847656e-08, 0.0, 0.0, -4.470348358154297e-08, 2.9802322387695312e-08, 0.0, 0.0, 0.0, 1.1175870895385742e-08, 0.0, 0.0, 0.0, 0.0, 7.450580596923828e-09, 0.0, 3.725290298461914e-09, 0.0, 0.0, 0.0, 0.0, -7.450580596923828e-09, 1.1920928955078125e-07, 4.470348358154297e-08, 0.0, 2.9802322387695312e-08, 0.0, 7.450580596923828e-08, 0.0, -4.470348358154297e-08, -1.4901161193847656e-08, -7.078051567077637e-08, 0.0, 0.0, -7.450580596923828e-09, 0.0, 0.0, 0.0, 0.0, 0.0, -1.1175870895385742e-08, 1.862645149230957e-08, 0.0, 0.0, 0.0, 1.4202669262886047e-08, 0.0, -7.450580596923828e-09, 0.0, 0.0, 0.0, 1.4901161193847656e-08, 0.0, 0.0, 0.0, -1.4901161193847656e-08, 0.0, 0.0, 1.4901161193847656e-08, 0.0, 1.4901161193847656e-07, -1.1175870895385742e-07, -1.1175870895385742e-08, 0.0, 0.0, 0.0, 0.0, 0.0, 1.862645149230957e-08, 1.4901161193847656e-08, 0.0, 0.0, 0.0, 0.0, 0.0, 1.1175870895385742e-08, 0.0, 4.470348358154297e-08, 7.450580596923828e-09, 0.0, -3.725290298461914e-09, 0.0, 0.0, 0.0, 7.171183824539185e-08, 0.0, 0.0, 0.0, 0.0, 0.0, 1.4901161193847656e-08, 0.0, 0.0, 0.0, 0.0, -2.9802322387695312e-08, 1.4901161193847656e-08, 8.568167686462402e-08, 0.0, 0.0, 0.0, -7.450580596923828e-09, 0.0, 0.0, 0.0, 6.705522537231445e-08, 0.0, 0.0, -4.470348358154297e-08, -2.9802322387695312e-08, 0.0, 0.0, -2.9802322387695312e-08, 0.0, 0.0, 8.568167686462402e-08, 0.0, 1.4901161193847656e-08, 0.0, 0.0, -1.1175870895385742e-08, 0.0, 0.0], "grpo_loss": [-2.9802322387695312e-08, -8.940696716308594e-08, 0.0, 0.0, 0.0, 1.4901161193847656e-08, 0.0, -2.60770320892334e-08, 0.0, 0.0, -4.470348358154297e-08, -2.9802322387695312e-08, 0.0, 0.0, 0.0, 2.0489096641540527e-08, 0.0, 0.0, 0.0, -7.450580596923828e-09, 0.0, 0.0, 0.0, 0.0, 0.0, 0.0, 0.0, -7.450580596923828e-09, 1.4901161193847656e-08, 0.0, 0.0, -4.470348358154297e-08, 2.9802322387695312e-08, 0.0, 0.0, 0.0, 1.1175870895385742e-08, 0.0, 0.0, 0.0, 0.0, 7.450580596923828e-09, 0.0, 3.725290298461914e-09, 0.0, 0.0, 0.0, 0.0, -7.450580596923828e-09, 1.1920928955078125e-07, 4.470348358154297e-08, 0.0, 2.9802322387695312e-08, 0.0, 7.450580596923828e-08, 0.0, -4.470348358154297e-08, -1.4901161193847656e-08, -7.078051567077637e-08, 0.0, 0.0, -7.450580596923828e-09, 0.0, 0.0, 0.0, 0.0, 0.0, -1.1175870895385742e-08, 1.862645149230957e-08, 0.0, 0.0, 0.0, 1.4202669262886047e-08, 0.0, -7.450580596923828e-09, 0.0, 0.0, 0.0, 1.4901161193847656e-08, 0.0, 0.0, 0.0, -1.4901161193847656e-08, 0.0, 0.0, 1.4901161193847656e-08, 0.0, 1.4901161193847656e-07, -1.1175870895385742e-07, -1.1175870895385742e-08, 0.0, 0.0, 0.0, 0.0, 0.0, 1.862645149230957e-08, 1.4901161193847656e-08, 0.0, 0.0, 0.0, 0.0, 0.0, 1.1175870895385742e-08, 0.0, 4.470348358154297e-08, 7.450580596923828e-09, 0.0, -3.725290298461914e-09, 0.0, 0.0, 0.0, 7.171183824539185e-08, 0.0, 0.0, 0.0, 0.0, 0.0, 1.4901161193847656e-08, 0.0, 0.0, 0.0, 0.0, -2.9802322387695312e-08, 1.4901161193847656e-08, 8.568167686462402e-08, 0.0, 0.0, 0.0, -7.450580596923828e-09, 0.0, 0.0, 0.0, 6.705522537231445e-08, 0.0, 0.0, -4.470348358154297e-08, -2.9802322387695312e-08, 0.0, 0.0, -2.9802322387695312e-08, 0.0, 0.0, 8.568167686462402e-08, 0.0, 1.4901161193847656e-08, 0.0, 0.0, -1.1175870895385742e-08, 0.0, 0.0], "opsd_loss": [0.0, 0.0, 0.0, 0.0, 0.0, 0.0, 0.0, 0.0, 0.0, 0.0, 0.0, 0.0, 0.0, 0.0, 0.0, 0.0, 0.0, 0.0, 0.0, 0.0, 0.0, 0.0, 0.0, 0.0, 0.0, 0.0, 0.0, 0.0, 0.0, 0.0, 0.0, 0.0, 0.0, 0.0, 0.0, 0.0, 0.0, 0.0, 0.0, 0.0, 0.0, 0.0, 0.0, 0.0, 0.0, 0.0, 0.0, 0.0, 0.0, 0.0, 0.0, 0.0, 0.0, 0.0, 0.0, 0.0, 0.0, 0.0, 0.0, 0.0, 0.0, 0.0, 0.0, 0.0, 0.0, 0.0, 0.0, 0.0, 0.0, 0.0, 0.0, 0.0, 0.0, 0.0, 0.0, 0.0, 0.0, 0.0, 0.0, 0.0, 0.0, 0.0, 0.0, 0.0, 0.0, 0.0, 0.0, 0.0, 0.0, 0.0, 0.0, 0.0, 0.0, 0.0, 0.0, 0.0, 0.0, 0.0, 0.0, 0.0, 0.0, 0.0, 0.0, 0.0, 0.0, 0.0, 0.0, 0.0, 0.0, 0.0, 0.0, 0.0, 0.0, 0.0, 0.0, 0.0, 0.0, 0.0, 0.0, 0.0, 0.0, 0.0, 0.0, 0.0, 0.0, 0.0, 0.0, 0.0, 0.0, 0.0, 0.0, 0.0, 0.0, 0.0, 0.0, 0.0, 0.0, 0.0, 0.0, 0.0, 0.0, 0.0, 0.0, 0.0, 0.0, 0.0, 0.0, 0.0, 0.0, 0.0], "reward": [0.024999999999999998, 0.0952486862511476, 0.0, 0.0, 0.0, 0.5119047619047619, 0.0, 0.010869565217391302, 0.0, 0.0, 0.15863195574672556, 0.2, 0.0, 0.0, 1.0, 0.06642512077294686, 0.0, 0.0, 0.0, 0.4282889524268835, 0.0, 0.0, 0.0, 0.0, 0.0, 0.0, 0.25, 0.041666666666666664, 0.625, 0.75, 0.0, 0.6447368421052632, 0.24305555555555552, 0.0, 0.0, 0.0, 0.875, 0.0, 0.0, 0.0, 0.0, 0.07133838383838384, 0.0, 0.009259259259259259, 1.0, 0.0, 0.0, 0.0, 0.08333333333333333, 0.8846153846153846, 0.20833333333333331, 0.0, 0.925, 0.0, 0.5328125, 0.5, 0.5, 0.375, 0.75, 1.0, 0.4714285714285715, 0.05555555555555556, 0.0, 0.0, 0.5, 0.0, 1.0, 0.125, 0.05, 0.0, 0.0, 0.0, 0.23774509803921567, 0.0, 0.041666666666666664, 0.5, 0.0, 0.0, 0.3125, 0.0, 0.0, 1.0, 0.375, 0.0, 0.0, 0.1, 0.0, 0.48571428571428577, 0.6065038684719536, 0.125, 0.0, 0.8571428571428571, 0.35, 1.0, 0.0, 0.05, 0.8125, 1.0, 0.0, 0.0, 1.0, 0.25, 0.875, 0.0, 0.30000000000000004, 0.75, 0.0, 0.3125, 0.0, 1.0, 1.0, 0.5375, 0.0, 1.0, 0.0, 0.0, 0.1, 0.10285547785547786, 0.0, 1.0, 0.75, 0.0, 0.375, 0.625, 0.29166666666666663, 0.5, 0.0, 0.0, 0.041666666666666664, 0.0, 0.0, 0.0, 0.5277777777777778, 0.0, 0.0, 0.07272727272727274, 0.03869047619047619, 0.0, 0.8571428571428571, 0.5844399460188934, 0.0, 0.0, 0.5833333333333333, 0.0, 0.08333333333333333, 0.75, 0.0, 0.125, 0.0, 0.0], "gate_active_ratio": [0.0, 0.0, 0.0, 0.0, 0.0, 0.0, 0.0, 0.0, 0.0, 0.0, 0.0, 0.0, 0.0, 0.0, 0.0, 0.0, 0.0, 0.0, 0.0, 0.0, 0.0, 0.0, 0.0, 0.0, 0.0, 0.0, 0.0, 0.0, 0.0, 0.0, 0.0, 0.0, 0.0, 0.0, 0.0, 0.0, 0.0, 0.0, 0.0, 0.0, 0.0, 0.0, 0.0, 0.0, 0.0, 0.0, 0.0, 0.0, 0.0, 0.0, 0.0, 0.0, 0.0, 0.0, 0.0, 0.0, 0.0, 0.0, 0.0, 0.0, 0.0, 0.0, 0.0, 0.0, 0.0, 0.0, 0.0, 0.0, 0.0, 0.0, 0.0, 0.0, 0.0, 0.0, 0.0, 0.0, 0.0, 0.0, 0.0, 0.0, 0.0, 0.0, 0.0, 0.0, 0.0, 0.0, 0.0, 0.0, 0.0, 0.0, 0.0, 0.0, 0.0, 0.0, 0.0, 0.0, 0.0, 0.0, 0.0, 0.0, 0.0, 0.0, 0.0, 0.0, 0.0, 0.0, 0.0, 0.0, 0.0, 0.0, 0.0, 0.0, 0.0, 0.0, 0.0, 0.0, 0.0, 0.0, 0.0, 0.0, 0.0, 0.0, 0.0, 0.0, 0.0, 0.0, 0.0, 0.0, 0.0, 0.0, 0.0, 0.0, 0.0, 0.0, 0.0, 0.0, 0.0, 0.0, 0.0, 0.0, 0.0, 0.0, 0.0, 0.0, 0.0, 0.0, 0.0, 0.0, 0.0, 0.0], "gate_magnitude": [0.0, 0.0, 0.0, 0.0, 0.0, 0.0, 0.0, 0.0, 0.0, 0.0, 0.0, 0.0, 0.0, 0.0, 0.0, 0.0, 0.0, 0.0, 0.0, 0.0, 0.0, 0.0, 0.0, 0.0, 0.0, 0.0, 0.0, 0.0, 0.0, 0.0, 0.0, 0.0, 0.0, 0.0, 0.0, 0.0, 0.0, 0.0, 0.0, 0.0, 0.0, 0.0, 0.0, 0.0, 0.0, 0.0, 0.0, 0.0, 0.0, 0.0, 0.0, 0.0, 0.0, 0.0, 0.0, 0.0, 0.0, 0.0, 0.0, 0.0, 0.0, 0.0, 0.0, 0.0, 0.0, 0.0, 0.0, 0.0, 0.0, 0.0, 0.0, 0.0, 0.0, 0.0, 0.0, 0.0, 0.0, 0.0, 0.0, 0.0, 0.0, 0.0, 0.0, 0.0, 0.0, 0.0, 0.0, 0.0, 0.0, 0.0, 0.0, 0.0, 0.0, 0.0, 0.0, 0.0, 0.0, 0.0, 0.0, 0.0, 0.0, 0.0, 0.0, 0.0, 0.0, 0.0, 0.0, 0.0, 0.0, 0.0, 0.0, 0.0, 0.0, 0.0, 0.0, 0.0, 0.0, 0.0, 0.0, 0.0, 0.0, 0.0, 0.0, 0.0, 0.0, 0.0, 0.0, 0.0, 0.0, 0.0, 0.0, 0.0, 0.0, 0.0, 0.0, 0.0, 0.0, 0.0, 0.0, 0.0, 0.0, 0.0, 0.0, 0.0, 0.0, 0.0, 0.0, 0.0, 0.0, 0.0],