{
  "status": "ok",
  "metric": 0.14498335431348147,
  "reward_mean": 0.14498335431348147,
  "gate_mean": 0.0,
  "gate_active": 0.0,
  "zero_shot_f1": 0.05529471222451245,
  "steps_run": 150,
  "wall_time_s": 835.9527711868286,
  "cell_id": "qwen2_5_3b__grpo__search_qa__s42"
}