{
  "status": "ok",
  "cell_id": "c_strided_noaug_cifar10",
  "letter": "C",
  "variant": "strided",
  "dataset": "cifar10",
  "augment": false,
  "lr": 0.05,
  "best_lr": 0.05,
  "epochs_total": 350,
  "epochs_run": 350,
  "metric": 0.8355,
  "test_error_pct": 16.45,
  "test_accuracy": 0.8355,
  "accuracy": 0.8355,
  "final_train_loss": 0.5005723444549629,
  "train_loss_history": [
    2.0226684247746185,
    1.7097964353878479,
    1.517188999354077,
    1.3726353532517963,
    1.3018305146175881,
    1.2438982889780303,
    1.2003061548828164,
    1.1626488087732163,
    1.1340988229607682,
    1.0916685172359046,
    1.0847263639540319,
    1.065701136808566,
    1.0344413311585137,
    1.0417532905593248,
    1.0193907911210414,
    1.0037400159994354,
    1.0091485524421457,
    0.9837880893741422,
    0.9743671580348783,
    0.9768481125002322,
    0.9577397884005476,
    0.946997228790732,
    0.9471176137094912,
    0.9348202309645045,
    0.9327675892264032,
    0.9224234525200046,
    0.92030876509064,
    0.9169619676402158,
    0.9183287391882113,
    0.9079435484488602,
    0.9026286234636136,
    0.9040908874453181,
    0.9000389109487119,
    0.8860427493329548,
    0.8953517321735391,
    0.8830109013011084,
    0.8789422542542753,
    0.8662841585286133,
    0.8765483231800596,
    0.8618048763336124,
    0.8661803656526844,
    0.8685447285547281,
    0.8539361842453023,
    0.8557173548756963,
    0.8626968778307785,
    0.8533598289770239,
    0.8523419275308204,
    0.8552322015737939,
    0.8585473256342856,
    0.8424196850003489,
    0.8459114930818757,
    0.8369081584388948,
    0.8360481653981806,
    0.8423719672900637,
    0.8266765690215713,
    0.8314725105719798,
    0.838130289483863,
    0.8461088233286768,
    0.8270796142575686,
    0.8282962804255278,
    0.8222017340038134,
    0.8198099232390713,
    0.8256179877864126,
    0.8147578320234937,
    0.8160459612641493,
    0.8128547133387202,
    0.8172505020790393,
    0.8120559385365538,
    0.8136764542221109,
    0.811079911716149,
    0.8204294362336474,
    0.806125373029343,
    0.8159672776451501,
    0.8071391378217341,
    0.8166658312768278,
    0.8040944819560136,
    0.7949082785860047,
    0.8062662217013367,
    0.7971708215106174,
    0.8039830660880984,
    0.8097926312700257,
    0.8060714889060506,
    0.7994643968084584,
    0.7982666573256177,
    0.8052820026722101,
    0.8030220335706726,
    0.7974402977682441,
    0.7929370552682511,
    0.7977441291674934,
    0.8007273731939019,
    0.8048526251407535,
    0.7945219098454546,
    0.7905275483265557,
    0.7901046042856963,
    0.7896343588524157,
    0.7901848710101583,
    0.7850253181079464,
    0.7922199337988558,
    0.7913254689987358,
    0.7973754181886268,
    0.7942972870738915,
    0.7892409981516622,
    0.7814005722322732,
    0.7807558602689172,
    0.7893213918599327,
    0.7908980596400893,
    0.794011786313313,
    0.781628020584126,
    0.7848831553898199,
    0.7821970426517985,
    0.7877599057334158,
    0.7854177259728122,
    0.7927299585488751,
    0.7828637937755536,
    0.7809261336655873,
    0.7845196542532548,
    0.7787029796549122,
    0.7829624941891722,
    0.7850618052970418,
    0.7735405799068148,
    0.772349256536235,
    0.7761327401756326,
    0.778528183774875,
    0.7769611314739413,
    0.7677232385291468,
    0.7672852954596204,
    0.7705855455697345,
    0.7809690977911206,
    0.7708004362442914,
    0.7654057306706753,
    0.7825277302881031,
    0.7815761270425509,
    0.7733850543151426,
    0.7705194065942789,
    0.7699158989712406,
    0.7740655623738418,
    0.7626901817748614,
    0.7654270198948853,
    0.7713873334552931,
    0.7712782353086545,
    0.7737146663238935,
    0.7678659047617022,
    0.7607032940973102,
    0.7650531158422875,
    0.7799818766543932,
    0.7691267099221955,
    0.7647403480146852,
    0.7623929475122095,
    0.765934095282079,
    0.7586191108312144,
    0.7721957369228764,
    0.7654529831293598,
    0.7712707048486871,
    0.7618481463483532,
    0.7606687843037383,
    0.7522435561775247,
    0.7735278004270685,
    0.7536306405616233,
    0.7603115369291866,
    0.756540105775799,
    0.761415591172855,
    0.7663142107941611,
    0.7648877628014216,
    0.7646170609137591,
    0.764503028081811,
    0.7549457883895816,
    0.7428185680638189,
    0.7532175763336288,
    0.7494257976636862,
    0.7462899915092741,
    0.7471827805194708,
    0.7455762542422165,
    0.748892993420896,
    0.7469589182787844,
    0.7427274061895698,
    0.7351908271422471,
    0.7375002209945103,
    0.7455135425338355,
    0.7335651384290222,
    0.7356643405411859,
    0.7261524563250334,
    0.7293205105740092,
    0.7363826191943624,
    0.7328969503912475,
    0.721956851308608,
    0.7259098782258875,
    0.725645557084047,
    0.7233140687351032,
    0.7160820031867308,
    0.7109079473768659,
    0.7156352595142697,
    0.7092134187288601,
    0.7118242135285722,
    0.7071019744934024,
    0.7100594481238929,
    0.6986257981918657,
    0.7057146431539979,
    0.7039496155498582,
    0.7059535376556084,
    0.7113976866540397,
    0.5689752436507388,
    0.5511717806996592,
    0.54746301369289,
    0.5377063395269691,
    0.5338735180285276,
    0.533471596210509,
    0.5321256533608107,
    0.5334392518491087,
    0.5328287408327508,
    0.5327653182894373,
    0.5323677367109168,
    0.532391962950187,
    0.5294401249312379,
    0.532642362520213,
    0.5316421339274062,
    0.529265992476812,
    0.5303512966388937,
    0.5317886018234751,
    0.5296480764665872,
    0.5304200145442163,
    0.5324754423040259,
    0.5310387202083607,
    0.5298803862555862,
    0.5365126191655083,
    0.5353324366804889,
    0.5318421562919227,
    0.5372539442366041,
    0.530882049247127,
    0.5309057190747517,
    0.5344746631886953,
    0.5374728454958142,
    0.5312489638548068,
    0.5336132114348204,
    0.53437164433472,
    0.5352941413059868,
    0.5369165878923957,
    0.5384710130026883,
    0.5370042256991882,
    0.5402476199142768,
    0.5415642178424483,
    0.5412414714198588,
    0.5374079060066691,
    0.540209315393282,
    0.538845977514906,
    0.537736896511234,
    0.5411892210126228,
    0.5374080928237847,
    0.5426467075524732,
    0.5442343375566975,
    0.5441755062478888,
    0.5165782198119346,
    0.5131572491067755,
    0.5109953913084991,
    0.5104198977160637,
    0.5101503209994577,
    0.5121119475120779,
    0.5070732707715095,
    0.5096953329070449,
    0.5090055387953053,
    0.5075500368157311,
    0.5102623513592478,
    0.5080179370882566,
    0.5103212255803521,
    0.5086434555937872,
    0.5125242129463674,
    0.511347492180212,
    0.5084509707777701,
    0.5099627063097552,
    0.5081443359784763,
    0.5049386357559877,
    0.5081112178237847,
    0.5102485047124535,
    0.5076210938603677,
    0.5073714493333227,
    0.5098432630224301,
    0.5097409796989177,
    0.5079834950549523,
    0.5062053772189733,
    0.5092843504970336,
    0.5085162858066656,
    0.5054022991443838,
    0.5068198504960141,
    0.50602453428766,
    0.5077992855283,
    0.5063085761826361,
    0.5111522981730263,
    0.5068231040559461,
    0.5079310556964192,
    0.50706928518727,
    0.507700083505772,
    0.5076000406918928,
    0.5068424639037198,
    0.5101926305409893,
    0.5073153423836164,
    0.5059111475792077,
    0.5074132047498318,
    0.5099327327192896,
    0.5077967341903531,
    0.5081110350463701,
    0.5074723238682808,
    0.5055201792198679,
    0.5065975901873215,
    0.5022002742875873,
    0.501129183317999,
    0.5045789480971559,
    0.5055968531257357,
    0.5013137775308946,
    0.5038116446998723,
    0.5024829509922916,
    0.5060159880334459,
    0.5029817468217571,
    0.5042211430152054,
    0.5007416749244455,
    0.5031280196688669,
    0.5039907563525392,
    0.5019897798747968,
    0.5050967317408003,
    0.5032812570367018,
