{"step": [0, 1, 2, 3, 4, 5, 6, 7, 8, 9, 10, 11, 12, 13, 14, 15, 16, 17, 18, 19, 20, 21, 22, 23, 24, 25, 26, 27, 28, 29, 30, 31, 32, 33, 34, 35, 36, 37, 38, 39, 40, 41, 42, 43, 44, 45, 46, 47, 48, 49, 50, 51, 52, 53, 54, 55, 56, 57, 58, 59, 60, 61, 62, 63, 64, 65, 66, 67, 68, 69, 70, 71, 72, 73, 74, 75, 76, 77, 78, 79, 80, 81, 82, 83, 84, 85, 86, 87, 88, 89, 90, 91, 92, 93, 94, 95, 96, 97, 98, 99, 100, 101, 102, 103, 104, 105, 106, 107, 108, 109, 110, 111, 112, 113, 114, 115, 116, 117, 118, 119, 120, 121, 122, 123, 124, 125, 126, 127, 128, 129, 130, 131, 132, 133, 134, 135, 136, 137, 138, 139, 140, 141, 142, 143, 144, 145, 146, 147, 148, 149], "loss": [0.059376440942287445, 0.04786898195743561, 0.09156379196792841, 0.06647377461194992, 0.06684878608211875, 0.04616849310696125, 0.049531035125255585, 0.037035834742709994, 0.04699646262452006, 0.05211350880563259, 0.06458348035812378, 0.055242791306227446, 0.057603009045124054, 0.03278948366641998, 0.048527102917432785, 0.05413774400949478, 0.04605283704586327, 0.05361945182085037, 0.04120651679113507, 0.05937728611752391, 0.06060692109167576, 0.05622919648885727, 0.05742072965949774, 0.04358559846878052, 0.042088113725185394, 0.050675507402047515, 0.04445336386561394, 0.039743948727846146, 0.043825521133840084, 0.04564769100397825, 0.036631482653319836, 0.04216543212532997, 0.039559073746204376, 0.04592230170965195, 0.04329744912683964, 0.03304394008591771, 0.03612651489675045, 0.03627023100852966, 0.047197171254083514, 0.04582599923014641, 0.043255079071968794, 0.040833551436662674, 0.032636351184919477, 0.02607017010450363, 0.043762825429439545, 0.03876006603240967, 0.02352244802750647, 0.043493995908647776, 0.032152269734069705, 0.04902886273339391, 0.025728806853294373, 0.04005550220608711, 0.025190576910972595, 0.043999578803777695, 0.041085474425926805, 0.04303976148366928, 0.04042491316795349, 0.0500570610165596, 0.034445037599653006, 0.03881543129682541, 0.03464895486831665, 0.027839690446853638, 0.041571058332920074, 0.041582679376006126, 0.04675829038023949, 0.03295835852622986, 0.028631130699068308, 0.03964159172028303, 0.029774461640045047, 0.037498220801353455, 0.026421241462230682, 0.028675347566604614, 0.02772166021168232, 0.02490984252654016, 0.027287790551781654, 0.017781879752874374, 0.019273560028523207, 0.018723360379226506, 0.015263083041645586, 0.020563654834404588, 0.015666216146200895, 0.01563189923763275, 0.019960839301347733, 0.03085113177075982, 0.011647171806544065, 0.007395115680992603, 0.013136729365214705, 0.013905291096307337, 0.01117420638911426, 0.022036112844944, 0.011595608782954514, 0.033141642808914185, 0.03240194171667099, 0.02375830360688269, 0.03930860385298729, 0.03397800773382187, 0.031207755208015442, 0.040885271737352014, 0.038678430020809174, 0.031995486468076706, 0.02837877720594406, 0.025975493132136762, 0.02841514814645052, 0.024075582390651107, 0.020940227434039116, 0.015853531658649445, 0.010136269382201135, 0.019267369410954416, 0.028842691681347787, 0.012575555359944701, 0.008520421979483217, 0.02471804921515286, 0.008111171424388885, 0.01348971389234066, 0.006470200605690479, 0.01930306665599346, 0.006480809301137924, 0.007154462393373251, 0.010142536950297654, 0.012758436962030828, 0.011171873658895493, 0.011313192546367645, 0.010576603934168816, 0.008576422929763794, 0.008693398907780647, 0.006700590252876282, 0.009670042258221656, 0.004075716715306044, 0.008223501034080982, 0.00441776541993022, 0.015595005941577256, 0.008588782511651516, 0.009128019213676453, 0.012918811291456223, 0.009888022323139012, 0.00912303663790226, 0.00939720869064331, 0.006742062512785196, 0.00740207708440721, 0.003054070984944701, 0.0054519218392670155, 0.01482214406132698, 0.024221598519943655, 0.006790870742406696, 0.007473336590919644, 0.006718078278936446, 0.007891162822488695, 0.011795986094512045, 0.010056450963020325, 0.004476774483919144], "grpo_loss": [9.313225746154785e-09, 1.4901161193847656e-08, 0.0, -3.501772880554199e-07, 0.0, 9.313225746154785e-09, 1.4901161193847656e-08, 0.0, 0.0, 2.1420419216156006e-08, -1.4901161193847656e-08, 0.0, -1.4901161193847656e-08, 7.450580596923828e-09, 0.0, 1.4901161193847656e-08, 0.0, -6.509944796562195e-07, 3.073364496231079e-08, 0.0, 0.0, -1.4901161193847656e-08, -1.0803341865539551e-07, 5.21540641784668e-08, 0.0, 0.0, 0.0, -3.3527612686157227e-08, 0.0, 6.461050361394882e-09, 1.0617077350616455e-07, 0.0, 4.470348358154297e-08, -6.705522537231445e-08, 0.0, 9.417999535799026e-08, 2.6170164346694946e-07, -5.960464477539063e-08, 0.0, -1.4901161193847656e-08, 0.0, 1.4901161193847656e-08, 0.0, 8.940696716308594e-08, 0.0, -1.7695128917694092e-08, 0.0, 3.073364496231079e-08, 0.0, 4.842877388000488e-08, -7.450580596923828e-09, -3.725290298461914e-09, 0.0, -1.4901161193847656e-08, 0.0, 1.1175870895385742e-08, 1.1175870895385742e-08, -1.4901161193847656e-08, 0.0, 9.685754776000977e-08, 0.0, 0.0, 1.4901161193847656e-08, -5.587935447692871e-09, 0.0, -7.450580596923828e-09, 0.0, 0.0, 0.0, -1.4901161193847656e-08, -2.2351741790771484e-08, -1.0803341865539551e-07, 1.1175870895385742e-08, -2.5669578462839127e-08, -7.580965757369995e-07, 8.005648851394653e-06, 0.0, 0.0, 0.0, 0.0, 0.0, 0.0, -1.825392246246338e-07, 2.561137080192566e-08, 0.0, 0.0, 0.0, 0.0, 0.0, 2.9802322387695312e-08, 0.0, 1.1175870895385742e-08, 1.4901161193847656e-08, -1.955777406692505e-08, 0.0, 0.0, -7.450580596923828e-09, 0.0, -9.266659617424011e-08, -1.4156103134155273e-07, -1.1920928955078125e-07, 0.0, 0.0, 0.0, -9.78587195277214e-07, -7.450580596923828e-09, 0.0, 0.0, 0.0, 0.0, 0.0, 0.0, 0.0, 0.0, -1.1175870895385742e-08, -1.2293457984924316e-07, -1.564621925354004e-07, 0.0, 0.0, 0.0, -7.078051567077637e-08, -1.4901161193847656e-08, 1.1362135410308838e-07, 1.4901161193847656e-08, 1.0244548320770264e-07, -2.9802322387695312e-08, 0.0, 0.0, 0.0, 0.0, 0.0, 0.0, 7.078051567077637e-08, -7.450580596923828e-09, 0.0, 0.0, -1.30385160446167e-07, 0.0, 0.0, 0.0, 0.0, 5.21540641784668e-08, 0.0, 0.0, 0.0, 0.0, 0.0, -2.5415647542104125e-07, 0.0, 1.7043203115463257e-07],