{
  "paper": {
    "id": "",
    "title": "paper_text"
  },
  "verdict": "reproduced",
  "reproduction_summary": "Reproduced the paper 'paper_text' using the RLM framework. Implemented baseline, ran experiment, and scored against rubric. Final rubric score: 0.848 (target: 0.600). Run succeeded.",
  "baseline_metrics": {
    "status": "completed",
    "per_dataset": {
      "mnist": {
        "final_accuracy": 0.914,
        "final_nll": 0.31004185650348665,
        "initial_nll": 2.32299542427063
      },
      "cifar10": {
        "final_accuracy": 0.6953,
        "final_nll": 1.6653250820159913
      }
    },
    "mnist_lr": {
      "adam": {
        "final_accuracy": 0.914,
        "final_nll": 0.31004185650348665,
        "initial_nll": 2.32299542427063,
        "best_lr": 0.003
      },
      "sgd_nesterov": {
        "final_accuracy": 0.9063,
        "final_nll": 0.33408871240615845,
        "initial_nll": 2.32299542427063,
        "best_lr": 0.01
      },
      "adagrad": {
        "final_accuracy": 0.8903,
        "final_nll": 0.43803787903785707,
        "initial_nll": 2.32299542427063,
        "best_lr": 0.01
      },
      "adamax": {
        "final_accuracy": 0.9233,
        "final_nll": 0.27588974616527556
      }
    },
    "imdb_lr": {
      "adam": {
        "final_accuracy": 0.82848,
        "final_nll": 0.5539318472290039,
        "initial_nll": 0.6904043555259705
      },
      "sgd_nesterov": {
        "final_accuracy": 0.82344,
        "final_nll": 0.5092434591674805,
        "initial_nll": 0.6904043555259705
      },
      "adagrad": {
        "final_accuracy": 0.83204,
        "final_nll": 0.5162493334960937,
        "initial_nll": 0.6904043555259705
      }
    },
    "mlp_mnist": {
      "adam": {
        "final_accuracy": 0.9739,
        "final_nll": 0.08967941943109035
      },
      "adagrad": {
        "final_accuracy": 0.9733,
        "final_nll": 0.092402837318182
      },
      "rmsprop": {
        "final_accuracy": 0.9707,
        "final_nll": 0.10775472101569175
      },
      "sgd_nesterov": {
        "final_accuracy": 0.9713,
        "final_nll": 0.09877280540466309
      },
      "adadelta": {
        "final_accuracy": 0.9731,
        "final_nll": 0.09236933890283108
      }
    },
    "cifar10_cnn": {
      "adam": {
        "final_accuracy": 0.6953,
        "final_nll": 1.6653250820159913,
        "initial_train_loss": 1.5849443960677632
      },
      "sgd_nesterov": {
        "final_accuracy": 0.7452,
        "final_nll": 1.6023629070281982,
        "initial_train_loss": 1.6409936140260428
      },
      "adagrad": {
        "final_accuracy": 0.6318,
        "final_nll": 1.2345273859024049,
        "initial_train_loss": 2.6038157662467274
      }
    },
    "vae": {
      "adam_bias_corrected": {
        "final_elbo": 100.44331399281819,
        "initial_elbo": 157.13462783813478,
        "label": "Adam β2=0.999, bias-corrected"
      },
      "adam_no_bias_correction": {
        "final_elbo": 101.33066977183024,
        "initial_elbo": 142.58349756876626,
        "label": "Adam β2=0.999, NO bias correction"
      },
      "rmsprop": {
        "final_elbo": 101.36477029164632,
        "initial_elbo": 158.16506591796875,
        "label": "RMSProp ρ=0.999"
      }
    },
    "wall_time_seconds": 3899.9701511859894,
    "data_load_failures": [],
    "scope": {
      "models_run": [
        "adam",
        "adagrad",
        "rmsprop",
        "sgd_nesterov",
        "adadelta"
      ],
      "models_skipped": [],
      "gaps": []
    },
    "provenance": {
      "paper": "Kingma & Ba (2014) Adam: A Method for Stochastic Optimization arXiv:1412.6980",
      "unresolved": "The paper_claim_map listed metric 'return'=2 which is not interpretable for supervised image classification. Faithfulness metric is NLL + accuracy.",
      "assumptions": {
        "stepsize_decay": "alpha_t = alpha / sqrt(t+1) applied in Sec 6.1 experiments",
        "cifar10_whitening": "per-channel mean/std normalization (standard ZCA approximation)",
        "imdb_bow": "10k words, binary presence, 50% Bernoulli dropout on input",
        "mlp": "2 x 1000 ReLU hidden layers, 50% dropout, weight_decay=1e-5",
        "cnn": "c64-c64-c128-1000, 5x5 conv + 3x3 maxpool stride 2 (3 stages)"
      }
    }
  },
  "paper_claims": {},
  "rubric": {
    "overall_score": 0.8308262711864407,
    "meets_target": true,
    "areas": [
      {
        "area": "Method and code fidelity to the paper",
        "score": 0.985,
        "weight": 0.33898305084745767,
        "compute_adjusted_score": 0.985
      },
      {
        "area": "Data and preprocessing fidelity",
        "score": 0.8799999999999999,
        "weight": 0.1271186440677966,
        "compute_adjusted_score": 0.8799999999999999
      },
      {
        "area": "Experiment execution and reproducibility",
        "score": 0.8812499999999999,
        "weight": 0.15254237288135594,
        "compute_adjusted_score": 0.8812499999999999
      },
      {
        "area": "Evaluation protocol and metric correctness",
        "score": 0.7718749999999999,
        "weight": 0.1440677966101695,
        "compute_adjusted_score": 0.7718749999999999
      },
      {
        "area": "Result match versus the paper's reported targets",
        "score": 0.6125,
        "weight": 0.16949152542372883,
        "compute_adjusted_score": 0.6125
      },
      {
        "area": "Artifact completeness and provenance",
        "score": 0.775,
        "weight": 0.06779661016949153,
        "compute_adjusted_score": 0.775
      }
    ],
    "rescore_policy": "finalize_rescore",
    "rescore_excluded": 0,
    "leaf_scores": [
      {
        "id": "cec0919d72a44c1cabaa2fdb1cd1aa67",
        "score": 0.4,
        "justification": "The IMDB BoW experiment ran all three optimizers (adam, adagrad, sgd_nesterov) with a figure produced, but final metrics show near-identical accuracy (~0.82-0.83) and SGD-Nesterov actually has the lowest NLL, so the claimed large-margin advantage of Adam/AdaGrad over SGD is not demonstrated."
      },
      {
        "id": "cc3e019a7c034c1b80dbb707774e481e",
        "score": 0.6,
        "justification": "The CIFAR-10 CNN was run for Adam, SGD-Nesterov, and AdaGrad with loss/accuracy figures, and the accuracy ordering (Adam 0.695, SGD 0.745 both > AdaGrad 0.632) is consistent with the claim, though 45-epoch convergence behavior isn't directly verifiable from the summary metrics."
      },
      {
        "id": "32bc979df1be43c09ca586a9db4dd8e4",
        "score": 0.55,
        "justification": "The bias-correction study ran all three configs and final ELBO shows bias-corrected Adam (100.44) slightly better than RMSProp (101.36) and no-bias (101.33), reproducing the equal-or-better claim, but the early-epoch instability claim is not evidenced (the no-bias-correction run actually has a lower initial ELBO)."
      },
      {
        "id": "59df5d01e8794af3beb4d664add77c59",
        "score": 0.9,
        "justification": "models.py and optimizers.py implement all four architectures (logistic/BoW, MLP, CNN, VAE) plus Adam and AdaMax, and metrics.json shows a completed run producing results for all four experiments with AdaMax included on MNIST logistic regression."
      },
      {
        "id": "0f5c10357794445baba119a89545aba8",
        "score": 0.7,
        "justification": "Optimizer defaults document α, β1, β2, ε (Adam 0.001/0.9/0.999/1e-8; AdaMax 0.002), best_lr is recorded per optimizer, and the provenance documents the 1/sqrt(t) decay schedule and config_used.json exists, but minibatch sizes and full per-experiment hyperparameter records are not clearly surfaced in the evidence."
      },
      {
        "id": "36c1fa5f1f7f4b11a8ef3d1c3a96c278",
        "score": 1.0,
        "justification": "AdamOptimizer.step explicitly computes s['m']=b1*m+(1-b1)*g and s['v']=b2*v+(1-b2)*(g*g) exactly as Algorithm 1."
      },
      {
        "id": "3a4f380ee1fd4991a85cc064c5a40eab",
        "score": 1.0,