{
  "status": "ok",
  "metric": 0.07114168786647276,
  "reward_mean": 0.07114168786647276,
  "gate_mean": 0.4184008153155446,
  "gate_active": 0.39889968945644794,
  "zero_shot_f1": 0.04531709123960356,
  "steps_run": 150,
  "wall_time_s": 930.050393819809,
  "cell_id": "qwen3_1_7b__sdar__search_qa__s42"
}