{
  "status": "ok",
  "cell_id": "b_strided_noaug_cifar10",
  "letter": "B",
  "variant": "strided",
  "dataset": "cifar10",
  "augment": false,
  "lr": 0.05,
  "best_lr": 0.05,
  "epochs_total": 350,
  "epochs_run": 350,
  "metric": 0.7836,
  "test_error_pct": 21.640000000000004,
  "test_accuracy": 0.7836,
  "accuracy": 0.7836,
  "final_train_loss": 0.6417337690320466,
  "train_loss_history": [
    1.956127771026338,
    1.5805870343352217,
    1.4032645002960245,
    1.3054501556069649,
    1.2229431727353264,
    1.1782782205840205,
    1.1661486938176557,
    1.1178518826394435,
    1.0932921341922888,
    1.0757866876814373,
    1.0631209241459743,
    1.0475603236871607,
    1.0429548862035318,
    1.0266160657033896,
    1.0071767605174229,
    1.0120305269575485,
    1.0038285337750563,
    0.9937912391884552,
    0.9918239058740913,
    0.9814593686777002,
    0.9796613560003393,
    0.9675642274834616,
    0.9668072687695398,
    0.945301733968203,
    0.9607601216077195,
    0.953418015366625,
    0.931017028706153,
    0.9321069786005922,
    0.9351719431864941,
    0.9304635829632849,
    0.9283225266524898,
    0.9097910921287049,
    0.9195459296026498,
    0.9123561923461192,
    0.9181308290537666,
    0.9004958592107534,
    0.9082489030440445,
    0.9066941809776189,
    0.9001114310510933,
    0.8955283849440572,
    0.9019643662835631,
    0.8985832726863949,
    0.9051469762611877,
    0.8894098318751206,
    0.8911789123664426,
    0.8821043045929325,
    0.8864502487585063,
    0.8760410821651254,
    0.8845269082452331,
    0.8867271553220042,
    0.8849403243845381,
    0.8793809214211485,
    0.8885431942122671,
    0.8891819012744347,
    0.8730947102427178,
    0.8713627201516915,
    0.8742626615802346,
    0.871060275818076,
    0.878521655983937,
    0.8708158257367361,
    0.8791287695355428,
    0.8668511496175586,
    0.8667529324436432,
    0.8753531337394129,
    0.8658274921309917,
    0.8696544496604549,
    0.8725578310849417,
    0.8613186853621012,
    0.8611871148924084,
    0.8665100133327572,
    0.8649037602307547,
    0.8556150941897536,
    0.8495518249623916,
    0.8566628089341362,
    0.8677618709366645,
    0.8698272752335005,
    0.8566974200251157,
    0.8586364364075234,
    0.8552442627489719,
    0.8533761417469405,
    0.8500679373131383,
    0.8462898903490638,
    0.8466502239027291,
    0.854124934624528,
    0.8577051918829799,
    0.8533060326600623,
    0.8505265729506607,
    0.8593781395336552,
    0.8701431152155942,
    0.8452112374403288,
    0.8530006617536325,
    0.8606291933132865,
    0.8406773778178808,
    0.8414968069252151,
    0.8438054439051986,
    0.8405098210820152,
    0.8458010924746618,
    0.8456654329129192,
    0.837545018519282,
    0.848502457904084,
    0.8489660050558008,
    0.8444689500057484,
    0.8450736197669183,
    0.8462515255374372,
    0.8402966122188227,
    0.8361491980150227,
    0.8387718080254771,
    0.8409684719636922,
    0.8344461747142665,
    0.8409170115085514,
    0.8416546663969678,
    0.8384633625254911,
    0.8419948070860275,
    0.8343475904611065,
    0.8382561976647438,
    0.8406146232734251,
    0.8339124108519396,
    0.8380494119261231,
    0.847616991728468,
    0.8329006099639951,
    0.8346549810655891,
    0.8333903267560407,
    0.8344068252826895,
    0.8398925287034505,
    0.8332315992821208,
    0.8372629577546473,
    0.8427474039899724,
    0.8456130998823649,
    0.829576068674512,
    0.8292312702864332,
    0.8352734893179306,
    0.8372449509018217,
    0.8347121381088901,
    0.8407088359603492,
    0.8241557282255129,
    0.8357480265905181,
    0.8400789202021821,
    0.8306383290864012,
    0.8321451514273348,
    0.8307364680578032,
    0.8244716191230832,
    0.8210116563855535,
    0.8253075478936706,
    0.820117720100276,
    0.8321066657295617,
    0.8249306396755112,
    0.8346457763401138,
    0.825751809055543,
    0.8322503025574453,
    0.8258048610004318,
    0.8240966472174506,
    0.8267374085953169,
    0.8278100377763323,
    0.8294636793148792,
    0.8278650112469178,
    0.8250476711851251,
    0.8308364686453739,
    0.8257538987242657,
    0.8257818002530071,
    0.8230973732136094,
    0.8232572115290805,
    0.8305685823530797,
    0.826005006842601,
    0.8258870035181265,
    0.8203602414911665,
    0.8275576207948767,
    0.8260473503785974,
    0.8285928431069455,
    0.8244023373364793,
    0.8302910298947483,
    0.8316185991172595,
    0.8194913803159124,
    0.8214664280871906,
    0.8263619458279037,
    0.827731895324824,
    0.8289554108439199,
    0.8174195864316448,
    0.832423691402006,
    0.8162808746023251,
    0.8176408820140088,
    0.8204418864396527,
    0.8178597577392598,
    0.8310092730290445,
    0.816839145272589,
    0.8223788419647899,
    0.8226665846831963,
    0.8231674568427493,
    0.8216086903496471,
    0.8220042761634377,
    0.8225878585330055,
    0.8218360401480399,
    0.8233000666589079,
    0.818759971567432,
    0.8135493525763606,
    0.8252985203052725,
    0.8153455736082228,
    0.825308820018378,
    0.8306252640836379,
    0.8233974429652514,
    0.8137049377726777,
    0.7010105543429285,
    0.682778204645952,
    0.6783374230117749,
    0.678549572939763,
    0.6728807533031229,
    0.6683843294372949,
    0.6703645694438759,
    0.6690702664730189,
    0.6701146742267072,
    0.6700495391550576,
    0.6696088284330295,
    0.6682087712733032,
    0.6658907884069721,
    0.6649173487482778,
    0.6683482196172486,
    0.6663703241616564,
    0.6693385103931817,
    0.6704057711164665,
    0.6704268065255011,
    0.6658394991436882,
    0.6644499868992955,
    0.6680599022704317,
    0.6656170936344225,
    0.6696303144592763,
    0.6659431435415507,
    0.6654304128016353,
    0.6636432976369053,
    0.6678246069899605,
    0.6669302522526372,
    0.667926890618356,
    0.6669883569488135,
    0.6652925346056213,
    0.6678408372890005,
    0.6682919392652829,
    0.6748092714173105,
    0.6719408866846958,
    0.6642430468136088,
    0.6696099189998549,
    0.6710742212774808,
    0.6686244217483589,
    0.6706263352842892,
    0.6746067900182037,
    0.6725113932281503,
    0.6707341572665193,
    0.6724398053058273,
    0.6718937929938821,
    0.6712022236241099,
    0.6720423308937141,
    0.6698039839487246,
    0.6697394618445345,
    0.6498941712062377,
    0.6497844537658155,
    0.6442596401704852,
    0.645233312683642,
    0.6489109200284914,
    0.6486508086361849,
    0.6432180552531386,
    0.6458311300448445,
    0.6428510608423091,
    0.6452730951254325,
    0.6459214294810429,
    0.6425988961516134,
    0.6420090293030605,
    0.644210653841648,
    0.6429311268012542,
    0.643427720002811,
    0.6462721304058114,
    0.6477770507335663,
    0.6429676146001158,
    0.6433654287282158,
    0.645796632903921,
    0.6475222293678147,
    0.6460980058021253,
    0.6447688306079191,
    0.6419300088644637,
    0.6433722344048493,
    0.6445458308815042,
    0.647496255386211,
    0.6419079163495232,
    0.6447904991066974,
    0.644823860100773,
    0.6451690489678736,
    0.6455218035089391,
    0.6449157261025266,
    0.6442290735824029,
    0.6464531430807869,
    0.6427835205479351,
    0.643921812553235,
    0.6453099864370683,
    0.6423837930497611,
    0.6433901298991249,
    0.6446452612614693,
    0.6438325882872658,
    0.640893959557004,
    0.647552580022446,
    0.6453069563564438,
    0.6441331027871202,
    0.6442612523922835,
    0.6458046109322697,
    0.6431115577592874,
    0.6410680373611353,
    0.6407843899848821,
    0.6421477697084627,
    0.645154030350468,
    0.643758073868349,
    0.6402554560043013,
    0.6413561110301396,
    0.643397147926833,
    0.6428872711213348,
    0.6406207479479368,
    0.6424246200972505,
    0.6388305154297967,
    0.6426653212598522,
    0.6425798855474233,
    0.6421027129415966,
    0.6381090082171018,
    0.6407792999616364,
    0.6393605572793185,
