{"step": [0, 1, 2, 3, 4, 5, 6, 7, 8, 9, 10, 11, 12, 13, 14, 15, 16, 17, 18, 19, 20, 21, 22, 23, 24, 25, 26, 27, 28, 29, 30, 31, 32, 33, 34, 35, 36, 37, 38, 39, 40, 41, 42, 43, 44, 45, 46, 47, 48, 49, 50, 51, 52, 53, 54, 55, 56, 57, 58, 59, 60, 61, 62, 63, 64, 65, 66, 67, 68, 69, 70, 71, 72, 73, 74, 75, 76, 77, 78, 79, 80, 81, 82, 83, 84, 85, 86, 87, 88, 89, 90, 91, 92, 93, 94, 95, 96, 97, 98, 99, 100, 101, 102, 103, 104, 105, 106, 107, 108, 109, 110, 111, 112, 113, 114, 115, 116, 117, 118, 119, 120, 121, 122, 123, 124, 125, 126, 127, 128, 129, 130, 131, 132, 133, 134, 135, 136, 137, 138, 139, 140, 141, 142, 143, 144, 145, 146, 147, 148, 149], "loss": [0.03876911476254463, 0.03912743180990219, 0.04907742142677307, 0.052613839972764254, 0.05066283047199249, 0.04091116786003113, 0.045281427912414074, 0.044048446929082274, 0.03910460323095322, 0.0504317432641983, 0.04922522231936455, 0.052943251095712185, 0.033437393605709076, 0.04070145636796951, 0.051665734965354204, 0.05080711096525192, 0.041781471110880375, 0.03461582213640213, 0.03920099698007107, 0.039827071130275726, 0.040570511482656, 0.04153002519160509, 0.043867253232747316, 0.04518349189311266, 0.042915602680295706, 0.041652433574199677, 0.038661085767671466, 0.040051424875855446, 0.02945888787508011, 0.02318039198871702, 0.028354163747280836, 0.02720472775399685, 0.01896284893155098, 0.028426021337509155, 0.025228219688870013, 0.035899482667446136, 0.024342142045497894, 0.02878449857234955, 0.02578887192066759, 0.030896686017513275, 0.024054378736764193, 0.030401123221963644, 0.026382404379546642, 0.02363595273345709, 0.01771146059036255, 0.027176457457244396, 0.030749034136533737, 0.022980745881795883, 0.017772622406482697, 0.022341106086969376, 0.01587066799402237, 0.020579231437295675, 0.015686236321926117, 0.020373741979710758, 0.025316735613159835, 0.02288931980729103, 0.025688118184916675, 0.01992313878145069, 0.013163728755898774, 0.018092164886184037, 0.02209299214882776, 0.023255427600815892, 0.021465563448145986, 0.0180420926772058, 0.018983446061611176, 0.019464127719402313, 0.02389930165372789, 0.01914906350430101, 0.021791208535432816, 0.017583377135451883, 0.016703367233276367, 0.017962982528842986, 0.024370479281060398, 0.013243014633189887, 0.025083349202759564, 0.01897935231681913, 0.01574630942195654, 0.013030141475610435, 0.012679482460953295, 0.029951021075248718, 0.01630341273266822, 0.013977110385894775, 0.015039131511002779, 0.014172760595101863, 0.023959745303727686, 0.022737964987754822, 0.027960841543972492, 0.017655601142905653, 0.03753408370539546, 0.019993089139461517, 0.007533170282840729, 0.027032174170017242, 0.020732644945383072, 0.025335848331451416, 0.027810591855086386, 0.03213465213775635, 0.025987055618315935, 0.031018550507724285, 0.024958928464911878, 0.014934305101633072, 0.022570012544747442, 0.009284046827815473, 0.016042186878621578, 0.02066393941640854, 0.01707596331834793, 0.01501518115401268, 0.030005279928445816, 0.027733066934160888, 0.019310785341076553, 0.02116806886624545, 0.014339577406644821, 0.031216885894536972, 0.014573939144611359, 0.014758582750800997, 0.021435684291645885, 0.021429927088320255, 0.015518618514761329, 0.010657358914613724, 0.01703873835504055, 0.013203954556956887, 0.01351399498526007, 0.011186100484337658, 0.022925270721316338, 0.00951278954744339, 0.027272585779428482, 0.01744786009658128, 0.01589405842241831, 0.020055805682204664, 0.017154812812805176, 0.018808092223480344, 0.01762132265139371, 0.012025967240333557, 0.013549137860536575, 0.021808995632454753, 0.02606679848395288, 0.02245309390127659, 0.021447493811137974, 0.013835415884386748, 0.013912010937929153, 0.01477595791220665, 0.01602930948138237, 0.014274703338742256, 0.011690285056829453, 0.012250889500137419, 0.01927018165588379, 0.019706781953573227, 0.01901637203991413, 0.013052263180725276, 0.01821310620289296, 0.016209177672863007], "grpo_loss": [-1.4901161193847656e-08, 0.0, 0.0, 0.0, 2.60770320892334e-08, 0.0, 1.210719347000122e-08, 0.0, 0.0, 6.635673344135284e-08, -1.1175870895385742e-08, 0.0, -1.4901161193847656e-08, 0.0, -1.2665987014770508e-07, 1.4901161193847656e-08, 4.394678398966789e-08, -3.725290298461914e-08, -4.0978193283081055e-08, -3.5390257835388184e-08, 0.0, 0.0, 0.0, -8.684583008289337e-08, 0.0, -1.1175870895385742e-08, 0.0, 0.0, 0.0, 0.0, 0.0, -1.1082738637924194e-07, -1.1175870895385742e-08, 0.0, 0.0, -1.4901161193847656e-08, 2.1979212760925293e-07, -1.4156103134155273e-07, 0.0, 0.0, 0.0, 0.0, 0.0, 0.0, 0.0, 0.0, 1.862645149230957e-08, -2.9802322387695312e-08, 1.4901161193847656e-08, -4.470348358154297e-08, 0.0, 0.0, 0.0, 0.0, 0.0, 1.862645149230957e-08, 0.0, 0.0, 0.0, 0.0, 0.0, 0.0, 0.0, 0.0, 1.4901161193847656e-08, 1.4901161193847656e-08, 0.0, 0.0, 9.685754776000977e-08, 0.0, 0.0, 0.0, 0.0, 0.0, 0.0, 0.0, 0.0, 0.0, 0.0, -7.450580596923828e-09, 0.0, -4.470348358154297e-08, 0.0, 0.0, 0.0, 1.2759119272232056e-07, -3.1990930438041687e-07, 0.0, -1.1874362826347351e-08, -3.241002559661865e-07, 1.1175870895385742e-08, 1.30385160446167e-07, 3.0174851417541504e-07, 2.0489096641540527e-08, 0.0, 0.0, 4.936009645462036e-08, 0.0, 0.0, 0.0, 0.0, 0.0, 3.725290298461914e-08, -4.470348358154297e-08, 8.940696716308594e-08, -3.3527612686157227e-08, -1.4901161193847656e-08, 0.0, 0.0, 0.0, -1.5292316675186157e-06, -7.729977369308472e-07, 1.1175870895385742e-08, 0.0, 0.0, -4.563480615615845e-08, 0.0, 3.725290298461914e-09, 0.0, 0.0, 0.0, 0.0, 6.332993507385254e-08, 1.4901161193847656e-08, -2.9802322387695312e-08, 0.0, 0.0, 0.0, 2.9802322387695312e-08, 0.0, 0.0, -1.4901161193847656e-08, 6.705522537231445e-08, 0.0, 0.0, -2.528540790081024e-07, 0.0, 0.0, 8.568167686462402e-08, -7.450580596923828e-09, 7.82310962677002e-08, -4.842877388000488e-08, 7.450580596923828e-09, 0.0, 0.0, 0.0, 5.21540641784668e-08, 0.0, 0.0, 0.0],