{
  "status": "ok",
  "metric": 0.05869724649898554,
  "reward_mean": 0.05869724649898554,
  "gate_mean": 0.36036431044340134,
  "gate_active": 0.17004044926725329,
  "delta_t_mean": -0.2535142484395368,
  "opsd_loss_mean": 0.16860466802027077,
  "zero_shot_f1": 0.019906924736696967,
  "steps_run": 150,
  "wall_time_s": 888.811690568924,
  "cell_id": "qwen2_5_3b__sdar__search_qa__s42"
}