{
  "status": "ok",
  "metric": 0.054303844589571715,
  "reward_mean": 0.054303844589571715,
  "gate_mean": 0.4175413267686963,
  "gate_active": 0.3173767340835184,
  "zero_shot_f1": 0.06956104579015578,
  "steps_run": 150,
  "wall_time_s": 878.1680161952972,
  "cell_id": "qwen3_1_7b__sdar__search_qa__s42"
}