{
  "status": "ok",
  "cell_id": "c_allcnn_aug_cifar10",
  "letter": "C",
  "variant": "allcnn",
  "dataset": "cifar10",
  "augment": true,
  "lr": 0.05,
  "best_lr": 0.05,
  "epochs_total": 350,
  "epochs_run": 350,
  "metric": 0.7687,
  "test_error_pct": 23.129999999999995,
  "test_accuracy": 0.7687,
  "accuracy": 0.7687,
  "final_train_loss": 0.708050195213474,
  "train_loss_history": [
    2.1160821917721684,
    1.8308839285770035,
    1.7242385371566733,
    1.5934685959535486,
    1.514087787674516,
    1.4481645584716212,
    1.3861260176314723,
    1.3364710417549934,
    1.3087723361866554,
    1.2880260988574503,
    1.257996477891722,
    1.2350308413395796,
    1.2254645682661736,
    1.2051922999074698,
    1.1999939539853264,
    1.1882525757145699,
    1.1718222320537128,
    1.1502058841383365,
    1.1495521036560272,
    1.1406077520011941,
    1.1305924240890366,
    1.125826016411452,
    1.1220957528599693,
    1.1168678381558879,
    1.1173173303494368,
    1.1135292688903906,
    1.1011617926075636,
    1.096843138985012,
    1.101857455642632,
    1.0948744090011968,
    1.092489682804898,
    1.0880057659295514,
    1.0928664494048603,
    1.0681880631715135,
    1.0685753942755483,
    1.066113357043937,
    1.0558155282683994,
    1.0735125442600006,
    1.0646917797110576,
    1.0555914260847183,
    1.0548046388284629,
    1.0678505264889553,
    1.0499852354569204,
    1.0475295884225069,
    1.034026755853687,
    1.040776345583484,
    1.0368289671590567,
    1.0273331237571013,
    1.043739678762148,
    1.0442789617706747,
    1.0284750287795006,
    1.0348833300878324,
    1.036415490957782,
    1.0254630354969092,
    1.0377696004060224,
    1.0269929272744356,
    1.021638156812819,
    1.0360744845531786,
    1.0401352919885873,
    1.0208783982050083,
    1.0091649021029168,
    1.0362696955575967,
    1.0097926248369924,
    1.0263922275484676,
    1.018400300951565,
    1.0207704660837607,
    1.0220910952524151,
    1.0028611154812377,
    1.0160741275533691,
    1.017342062862328,
    1.0159733777155961,
    1.006592752378615,
    1.0147389231435477,
    1.011307237398289,
    1.0200712168613053,
    1.0107171288536638,
    1.0213337697641318,
    1.0158413025119422,
    1.0043829802966788,
    0.9940875160419728,
    0.9990202686975679,
    1.0030080622724256,
    0.9947643740402768,
    0.9991815044446979,
    0.9965771108941959,
    1.005859228351232,
    1.0004841604501085,
    0.9911054296566703,
    1.0001605151559385,
    1.0056485051999007,
    0.9958003763957401,
    0.9999218538898946,
    0.9946237663783686,
    0.9926631167111799,
    1.0066246679981652,
    0.9951953892512699,
    0.9986440173500334,
    0.9915925243016704,
    0.9799140514925008,
    0.988064830108067,
    0.9917061153580161,
    0.9892548738843034,
    0.9853101480952309,
    0.9704342700941179,
    1.0019966206892068,
    0.9863945501844597,
    0.97112861481469,
    0.999461345355529,
    1.008255660229022,
    0.9820212834631391,
    0.9917240322703291,
    0.9877653315549006,
    0.9907201898982153,
    0.9770351256555914,
    0.9732875078535446,
    0.981095061430236,
    0.9895356512435561,
    0.984327172226918,
    0.9837587606876402,
    0.9757476183764465,
    0.9772285354106932,
    1.0025048725440373,
    0.983830326505939,
    0.991399690165849,
    0.9863047473265997,
    0.9716989033667328,
    0.98105160720513,
    0.9837039099325,
    0.9802498489694522,
    0.9794929247073201,
    0.9642356905485968,
    0.9742094202114798,
    0.9725451432835416,
    0.9814462875161329,
    0.9880859028652805,
    0.9678203027571559,
    0.9719659343095082,
    0.991794427642432,
    0.9718337969097031,
    0.9828346935684419,
    0.9806416068235626,
    0.9843228070632272,
    0.9768480312488877,
    0.9795791925981526,
    0.9735707918091503,
    0.966161708545197,
    0.9672636209851335,
    0.9618221234787455,
    0.9749191368327421,
    0.9708350564512755,
    0.9821231266116852,
    0.9604705992866965,
    0.9567096530628936,
    0.9755791169603157,
    0.9677408552535659,
    0.9649177448219045,
    0.9688097290370775,
    0.9622339967571562,
    0.9807984598762239,
    0.9754190440373043,
    0.9551208818050296,
    0.9692449155061141,
    0.9692255883570522,
    0.9711499730949207,
    0.9737348230293644,
    0.966077180927062,
    0.967166911610557,
    0.9648041680950643,
    0.9682227412757971,
    0.9637219844876653,
    0.9705628652097015,
    0.9681359380102523,
    0.9676072597503662,
    0.9602397535463123,
    0.9680612296094675,
    0.982152038980323,
    0.9765656445642261,
    0.9701913142448191,
    0.9646299842678373,
    0.9715387909613606,
    0.9686141622340892,
    0.960809689653499,
    0.9808936856896676,
    0.9495135533535267,
    0.9614392008318011,
    0.9554994932525908,
    0.9671065473495541,
    0.954629468948335,
    0.968064331337619,
    0.9688070323461156,
    0.9615904804690719,
    0.9622374018439857,
    0.9562569969450422,
    0.9574526088012149,
    0.9446421719877921,
    0.9646036682836235,
    0.9578070741175385,
    0.9441963575989999,
    0.943055053806061,
    0.9480967925637579,
    0.795090328244602,
    0.770638329903488,
    0.7621766241919964,
    0.7573392257056273,
    0.7510936648949332,
    0.7508038180258573,
    0.7517573344128211,
    0.7506275980368905,
    0.7440378434212921,
    0.7420922610765833,
    0.7482390265787959,
    0.7476985590232302,
    0.7446115875183164,
    0.7443476424497717,
    0.7445263025705772,
    0.7459570396586758,
    0.7456152937601289,
    0.7433351631969443,
    0.748256232122631,
    0.7459030161275888,
    0.7496753758024377,
    0.7530548433056268,
    0.7486182060235601,
    0.747086104529593,
    0.7532327086724284,
    0.751554509715351,
    0.7518099259842387,
    0.7438349598051642,
    0.750160718512962,
    0.7500026603336529,
    0.7492432153743246,
    0.7521430490266942,
    0.7495600068965531,
    0.7565608201429362,
    0.7506705886872528,
    0.7553429066982416,
    0.7549672108477034,
    0.7521144863589645,
    0.7556965395312785,
    0.7530057251910725,
    0.7555908199466402,
    0.7559290081643693,
    0.7556276751296295,
    0.7572404943463747,
    0.7560275085746785,
    0.7534367628109729,
    0.7554419476662755,
    0.7607806135931283,
    0.7557295600471594,
    0.7597741148508418,
    0.7241562937988955,
    0.7205350271728642,
    0.7198829182883357,
    0.7203704073758381,
    0.7204495645545023,
    0.7189467970062705,
    0.7233529104601086,
    0.7187250185653072,
    0.7177994365582381,
    0.7100641523175837,
    0.7148837241370355,
    0.7128434358045573,
    0.7186686607730358,
    0.7185546921951996,
    0.7162103049285576,
    0.7165928640024132,
    0.713583475488531,
    0.717277300098668,
    0.716168877261374,
    0.7145088473549279,
    0.7154685400635995,
    0.7144498354028863,
    0.7161147109687785,
    0.7146921362870794,
    0.7176209143970324,
    0.7144005720877586,
    0.7138858161618947,
    0.7128369003305655,
    0.7176482497578691,
    0.7140527686194691,
    0.7135684110624406,
    0.7130850359149601,
    0.7144881666773726,
    0.7151429983203673,
    0.7141115272898808,
    0.7123949259443356,
    0.7117544264744615,
    0.713329851551129,
    0.7110977355781418,
    0.7131258641057612,
    0.7161964476870759,
    0.7132932908089874,
    0.7178508839034059,
    0.7142609206916731,
    0.7160683387075849,
    0.7157827302470536,
    0.7121478644630793,
    0.713742906861293,
    0.7161093448738918,
    0.7116924865776316,
    0.7087822846134605,
    0.7083683166357563,
    0.7118631213369881,
    0.7092102349871565,
    0.7089706778221423,
    0.7122370397190914,
    0.7144224409709501,
    0.7073594596989624,
    0.706183491308061,
    0.706256074826126,
    0.7070146626066369,
    0.706236175259056,
    0.7076866084047596,
    0.7081662387494236,
    0.7068903337201804,
    0.70906481596515,
    0.704705817543942,
    0.7060649404897714,
    0.7072259033732402,
