{"step": [0, 1, 2, 3, 4, 5, 6, 7, 8, 9, 10, 11, 12, 13, 14, 15, 16, 17, 18, 19, 20, 21, 22, 23, 24, 25, 26, 27, 28, 29, 30, 31, 32, 33, 34, 35, 36, 37, 38, 39, 40, 41, 42, 43, 44, 45, 46, 47, 48, 49, 50, 51, 52, 53, 54, 55, 56, 57, 58, 59, 60, 61, 62, 63, 64, 65, 66, 67, 68, 69, 70, 71, 72, 73, 74, 75, 76, 77, 78, 79, 80, 81, 82, 83, 84, 85, 86, 87, 88, 89, 90, 91, 92, 93, 94, 95, 96, 97, 98, 99, 100, 101, 102, 103, 104, 105, 106, 107, 108, 109, 110, 111, 112, 113, 114, 115, 116, 117, 118, 119, 120, 121, 122, 123, 124, 125, 126, 127, 128, 129, 130, 131, 132, 133, 134, 135, 136, 137, 138, 139, 140, 141, 142, 143, 144, 145, 146, 147, 148, 149], "loss": [0.060922952368855476, 0.064618781208992, 0.05630284175276756, 0.05326640885323286, 0.052674300968647, 0.060112744104117155, 0.05559183284640312, 0.048888349905610085, 0.06373553723096848, 0.05432875454425812, 0.05898664193227887, 0.04543316923081875, 0.05570664256811142, 0.05760227795690298, 0.055703270714730024, 0.05480830883607268, 0.05184467975050211, 0.04992087930440903, 0.039900317788124084, 0.0440426804125309, 0.048225237522274256, 0.037486172281205654, 0.046853596810251474, 0.04376953188329935, 0.041866935789585114, 0.042332961689680815, 0.046701620798558, 0.03232765197753906, 0.04076092690229416, 0.03559529408812523, 0.036927200853824615, 0.04532696446403861, 0.0189905792940408, 0.04132259637117386, 0.03859768807888031, 0.03454558178782463, 0.044278196059167385, 0.03736073826439679, 0.03206962929107249, 0.0364238650072366, 0.03347904980182648, 0.04316599667072296, 0.03392170951701701, 0.03601853596046567, 0.03445954993367195, 0.03391733206808567, 0.035103270784020424, 0.04390396410599351, 0.036744795739650726, 0.035270089749246836, 0.03658860339783132, 0.03552725166082382, 0.0374682885594666, 0.03210078924894333, 0.032672612462192774, 0.03382381796836853, 0.029667293652892113, 0.03387496992945671, 0.025296936510130763, 0.02776634320616722, 0.03956766426563263, 0.03682418540120125, 0.033794457791373134, 0.0301828533411026, 0.024460859363898635, 0.024895012145861983, 0.03426748467609286, 0.02732120454311371, 0.019308037240989506, 0.027571894228458405, 0.028672515880316496, 0.026116468012332916, 0.032924848375841975, 0.022810637950897217, 0.0235910500632599, 0.026992879807949066, 0.02722763712517917, 0.02178976871073246, 0.015922174090519547, 0.014662374276667833, 0.01830981601960957, 0.016124146175570786, 0.01612759125418961, 0.01532598037738353, 0.028674200177192688, 0.01116292248480022, 0.01202642940916121, 0.02072028978727758, 0.018137988867238164, 0.02527827024459839, 0.015723872929811478, 0.014510619919747114, 0.014921177993528545, 0.02167813037522137, 0.018881838070228696, 0.009548011003062129, 0.01253035175614059, 0.004937479068757966, 0.02519452222622931, 0.008956559468060732, 0.014159527025185525, 0.012958330567926168, 0.007901564007624984, 0.017162824049592018, 0.009486909373663366, 0.010186001658439636, 0.004978158685844392, 0.009556136559695005, 0.007335393514949828, 0.01765541231725365, 0.007459304528310895, 0.011205164948478341, 0.005703038536012173, 0.00613725115545094, 0.008147432294208556, 0.015019264072179794, 0.01703804638236761, 0.007329914777074009, 0.006730129010975361, 0.010118606267496943, 0.006507436279207468, 0.006037765764631331, 0.009608647902496159, 0.011469689779914916, 0.008084169239737093, 0.006286970688961446, 0.014661471708677709, 0.009085649508051574, 0.006961829087231308, 0.009831436909735203, 0.008716022479347885, 0.008547485456801951, 0.00813400000333786, 0.007018446922302246, 0.006642831955105066, 0.008595701307058334, 0.00972665473818779, 0.00621728110127151, 0.005111840087920427, 0.0079404964344576, 0.006592922145500779, 0.004854240716667846, 0.006156318704597652, 0.0064399512484669685, 0.009091300598811358, 0.005525156855583191, 0.008105920278467238, 0.005058571696281433, 0.0053600340615957975, 0.0054595209658145905], "grpo_loss": [0.0, -1.4901161193847656e-08, 1.1175870895385742e-08, 0.0, 0.0, 0.0, 9.685754776000977e-08, 6.938353180885315e-08, 0.0, -1.4901161193847656e-08, 0.0, 1.3131648302078247e-07, -2.1606683731079102e-07, 0.0, 0.0, 0.0, 0.0, 1.4901161193847656e-07, -1.4901161193847656e-08, -4.470348358154297e-08, 0.0, 2.9942020773887634e-07, 0.0, 0.0, -4.470348358154297e-08, 0.0, 0.0, 5.587935447692871e-09, -2.2351741790771484e-08, -1.862645149230957e-08, 7.450580596923828e-09, 0.0, 0.0, -1.4901161193847656e-08, -2.421438694000244e-07, 7.450580596923828e-09, 0.0, 0.0, 0.0, 0.0, 1.1175870895385742e-08, -3.8743019104003906e-07, 0.0, 0.0, 4.0978193283081055e-08, -1.0561197996139526e-06, 1.1548399925231934e-07, 0.0, 0.0, 0.0, 0.0, 2.9802322387695312e-08, 0.0, -2.7939677238464355e-08, 0.0, 2.9802322387695312e-08, 4.284083843231201e-08, 3.725290298461914e-09, 0.0, -4.0978193283081055e-08, 2.9802322387695312e-08, 3.129243850708008e-07, 0.0, 1.2665987014770508e-07, 0.0, 0.0, 0.0, -8.791685104370117e-07, 0.0, -2.2351741790771484e-08, 0.0, 0.0, 0.0, -4.470348358154297e-08, 0.0, 1.4901161193847656e-08, 0.0, 0.0, 0.0, 0.0, 0.0, 0.0, 0.0, 0.0, -2.9802322387695312e-08, 0.0, 0.0, 0.0, 0.0, 0.0, -1.862645149230957e-08, 0.0, 0.0, 0.0, 0.0, 0.0, 0.0, 0.0, 0.0, 0.0, 0.0, 0.0, 0.0, 0.0, 0.0, 1.862645149230957e-08, 0.0, 0.0, 0.0, 0.0, 0.0, 0.0, 0.0, 0.0, 0.0, 1.4901161193847656e-08, -1.7695128917694092e-08, 0.0, 0.0, 0.0, 0.0, 0.0, 0.0, 0.0, 0.0, 0.0, 0.0, 0.0, 0.0, 0.0, 0.0, 0.0, 1.4901161193847656e-08, 0.0, 0.0, -7.450580596923828e-09, 1.1175870895385742e-08, 0.0, 0.0, 0.0, 0.0, 0.0, 0.0, 0.0, 0.0, 0.0, 0.0, 2.9802322387695312e-08, 0.0, 0.0],