{
  "status": "complete",
  "per_model": {
    "qwen3_1_7b": {
      "search_qa": {
        "sdar": {
          "status": "ok",
          "metric": 0.054303844589571715,
          "reward_mean": 0.054303844589571715,
          "gate_mean": 0.4175413267686963,
          "gate_active": 0.3173767340835184,
          "zero_shot_f1": 0.06956104579015578,
          "steps_run": 150,
          "wall_time_s": 878.1680161952972,
          "cell_id": "qwen3_1_7b__sdar__search_qa__s42"
        },
        "grpo": {
          "status": "ok",
          "metric": 0.05668243855822004,
          "reward_mean": 0.05668243855822004,
          "gate_mean": 0.0,
          "gate_active": 0.0,
          "zero_shot_f1": 0.04914822620302072,
          "steps_run": 150,
          "wall_time_s": 824.5147993564606,
          "cell_id": "qwen3_1_7b__grpo__search_qa__s42"
        },
        "grpo_opsd": {
          "status": "ok",
          "metric": 0.05211247086247086,
          "reward_mean": 0.05211247086247086,
          "gate_mean": 0.9999999988824129,
          "gate_active": 0.9999999988824129,
          "zero_shot_f1": 0.06921722950684481,
          "steps_run": 150,
          "wall_time_s": 539.2502822875977,
          "cell_id": "qwen3_1_7b__grpo_opsd__search_qa__s42"
        }
      }
    },
    "qwen2_5_3b": {
      "search_qa": {
        "grpo": {
          "status": "ok",
          "metric": 0.14498335431348147,
          "reward_mean": 0.14498335431348147,
          "gate_mean": 0.0,
          "gate_active": 0.0,
          "zero_shot_f1": 0.05529471222451245,
          "steps_run": 150,
          "wall_time_s": 835.9527711868286,
          "cell_id": "qwen2_5_3b__grpo__search_qa__s42"
        }
      }
    }
  },
  "scope": {
    "models_run": [
      "qwen2_5_3b",
      "qwen3_1_7b"
    ],
    "models_skipped": [],
    "environments_skipped": [],
    "gaps": []
  }
}