{
  "status": "ok",
  "metric": 0.14792699130934425,
  "reward_mean": 0.14792699130934425,
  "gate_mean": 0.0,
  "gate_active": 0.0,
  "delta_t_mean": 0.0,
  "opsd_loss_mean": 0.0,
  "zero_shot_f1": 0.1294434400180171,
  "steps_run": 150,
  "wall_time_s": 819.3955218791962,
  "cell_id": "qwen3_1_7b__grpo__search_qa__s42"
}