{
  "status": "ok",
  "cell_id": "c_allcnn_aug_cifar100",
  "letter": "C",
  "variant": "allcnn",
  "dataset": "cifar100",
  "augment": true,
  "lr": 0.05,
  "best_lr": 0.05,
  "epochs_total": 350,
  "epochs_run": 350,
  "metric": 0.4962,
  "test_error_pct": 50.38,
  "test_accuracy": 0.4962,
  "accuracy": 0.4962,
  "final_train_loss": 1.8980261122479158,
  "train_loss_history": [
    4.379107694186823,
    4.000016560639872,
    3.7520038548028074,
    3.590918212900381,
    3.4486071185382734,
    3.3172635007697298,
    3.2271492911116852,
    3.1490576767250706,
    3.081680706394908,
    3.0348287634837354,
    2.991834176165978,
    2.9451329692855213,
    2.919249418141592,
    2.909308771038299,
    2.87150720013377,
    2.858246283458017,
    2.8426055130751235,
    2.8179311621219605,
    2.812577806470339,
    2.7901627517417262,
    2.7726659750389624,
    2.7658830917704744,
    2.750059003720198,
    2.7435901652821495,
    2.7305554154583866,
    2.71261563020594,
    2.710940484195719,
    2.7067058318106416,
    2.6850010851764923,
    2.6912946310799444,
    2.683496342595581,
    2.6616044166447868,
    2.6611155420922867,
    2.6583803227490477,
    2.656547529923032,
    2.650851389331281,
    2.641728635029415,
    2.638049411346845,
    2.633205316865536,
    2.6277392294705675,
    2.6234333911515257,
    2.6246028226964615,
    2.6171671600293016,
    2.6050301241447857,
    2.614457782577066,
    2.618159857552375,
    2.6045471969467906,
    2.606181750212179,
    2.599425800011286,
    2.6023288733514067,
    2.6074357407782083,
    2.5911553733793977,
    2.5933401227912025,
    2.5841305725409858,
    2.5831937289908717,
    2.5789741097813677,
    2.583791119058419,
    2.5799976392170354,
    2.5722847588531805,
    2.5735389332637153,
    2.5821467186788767,
    2.570299437588743,
    2.5765318288217727,
    2.5617299491487198,
    2.566119996330622,
    2.551829692043002,
    2.5646412281124182,
    2.554206306367274,
    2.549393662558797,
    2.5489315870777727,
    2.5567046300224634,
    2.5518087484037784,
    2.540674627284565,
    2.5347123685700206,
    2.538875265804398,
    2.535378105195282,
    2.5367353020421683,
    2.5242654515044465,
    2.5129095988200447,
    2.529161866363662,
    2.5247086184408962,
    2.5166209872116516,
    2.515894003231507,
    2.5097518198935274,
    2.504878475233112,
    2.5012407077242957,
    2.5082633019713185,
    2.505474358873294,
    2.4974535987200333,
    2.501617397951043,
    2.4934621652983644,
    2.491992701349966,
    2.4916623989334497,
    2.4934861507562114,
    2.489832751586309,
    2.4893150914965383,
    2.4890006472692465,
    2.485847582597562,
    2.4841457846219583,
    2.4774700604436344,
    2.474827824956011,
    2.4830954687674636,
    2.481880121523767,
    2.464046854192339,
    2.4778782010383313,
    2.4680717294783237,
    2.4731152252772883,
    2.466426677716053,
    2.4712470920799334,
    2.4652973151267945,
    2.47550494759284,
    2.46973245619508,
    2.4765441146348137,
    2.467257697868835,
    2.4647134225386793,
    2.456430014137112,
    2.461717913370303,
    2.4588957893878907,
    2.4687664252717783,
    2.4639421808140356,
    2.455463951505968,
    2.460594589143153,
    2.4604378249639134,
    2.461783388081719,
    2.4519393518757635,
    2.4565391680773567,
    2.454617511890733,
    2.45880598149946,
    2.4493650438840433,
    2.4586489427729945,
    2.4475525991081275,
    2.4450179652484785,
    2.4436896813799964,
    2.448365288012473,
    2.4438162546633455,
    2.4431630287633834,
    2.446848300106995,
    2.4523664641258356,
    2.4383800737083416,
    2.443633847529321,
    2.4480070587619185,
    2.4314188066955724,
    2.429372634881598,
    2.4402181312556155,
    2.449575333034291,
    2.4390790418285846,
    2.437626777555022,
    2.4372611963535515,
    2.4444959031041624,
    2.4372631576664916,
    2.429889522854934,
    2.4434875085225802,
    2.4265306684976955,
    2.4363948393355854,
    2.427879694325235,
    2.426411404938954,
    2.440832382425323,
    2.432739941665279,
    2.430118181668889,
    2.42933086284896,
    2.4226063717051844,
    2.4281888657518667,
    2.429595050299564,
    2.4283032918830054,
    2.426488510483061,
    2.428855818555788,
    2.429451122003443,
    2.421422996179527,
    2.426753172179317,
    2.4284357512393573,
    2.4288255677503696,
    2.42493869200387,
    2.4218254757049444,
    2.4208675241836195,
    2.418849234843193,
    2.4277814724256315,
    2.4259477271448318,
    2.414673856152293,
    2.4139518608217654,
    2.4212277795347714,
    2.4173256392064304,
    2.412001068329872,
    2.416281110947699,
    2.418194411355821,
    2.414758564108778,
    2.4112069634220483,
    2.4169941681730167,
    2.407443086661951,
    2.4100537367184143,
    2.415348834393884,
    2.4055949181242062,
    2.4094863253481247,
    2.4146591618542783,
    2.4031930875290386,
    2.4185128118985753,
    2.407570924600372,
    2.4118315681167273,
    2.410756494383068,
    2.406605539724345,
    2.4038838453000158,
    2.0574999855607365,
    2.001677953678629,
    1.9837385259016092,
    1.977009140469534,
    1.964846077020211,
    1.9605680056240247,
    1.9590660059238638,
    1.9665363726713467,
    1.9563886418062097,
    1.9627286122583063,
    1.963240866313505,
    1.9598569866946287,
    1.9641037139746234,
    1.9603945591565592,
    1.9590775873654944,
    1.961745606206567,
    1.9606615722636738,
    1.9671564611327617,
    1.964390267039199,
    1.966469804954041,
    1.9730940037371252,
    1.978497269208474,
    1.9712224872520818,
    1.9751687011755337,
    1.9735502158589375,
    1.975158034230742,
    1.9781741234652526,
    1.9867021391153945,
    1.9846273302422155,
    1.9870673251883757,
    1.9858491829289195,
    1.9884585079634587,
    1.98736273342996,
    1.9833690766483316,
    1.9809529045048881,
    1.9896534461804363,
    1.9914269608914699,
    1.9943190578304593,
    1.9975494474096371,
    1.9901651720256757,
    1.9916240490610948,
    1.9978579959601088,
    1.9962948379309282,
    2.000601307510415,
    1.9972084420721243,
    2.001381707465862,
    2.0010820220193595,
    2.002931145450953,
    2.004909380317649,
    2.006488572453599,
    1.9224749980375284,
    1.9140378171220764,
    1.907341826297438,
    1.8986286411200033,
    1.9084332387160767,
    1.9039659882750353,
    1.9006146405968825,
    1.9023653494427577,
    1.8971665134210416,
    1.9017164182784918,
    1.9033068619725648,
    1.9039240633435262,
    1.9029266459252827,
    1.9069316403945085,
    1.8982616815420672,
    1.903385314947504,
    1.9028377816500261,
    1.9002630039859,
    1.8998056955044837,
    1.9019347854587427,
    1.9026834717796892,
    1.9002954622973567,
    1.9045864749137702,
    1.9061206785004463,
    1.9034056546133193,
    1.9072948352760062,
    1.9047001470690188,
    1.9006166519106502,
    1.9050233199468354,
    1.9049437771672788,
    1.905470382679454,
    1.9073166674970057,
    1.9074515624119497,
    1.9078237403689138,
    1.9105194456437056,
    1.9096002723554821,
    1.9103731055698736,
    1.9129163549684198,
    1.910507938898433,
    1.908038228674008,
    1.9097441851025652,
    1.9067796816301468,
    1.9087323493055066,
    1.9100229221841563,
    1.9087799357636202,
    1.908995359145162,
    1.911053630702026,
    1.911487626145258,
    1.9129892186740476,
    1.9103475124634746,
    1.9012167226627965,
    1.900586868948339,
    1.8986495397889707,
    1.9000859336779856,
    1.8987065181707787,
    1.9017906759096228,
    1.8972031809484866,
    1.8972034245500784,
    1.9008609198243416,
    1.9013720788919102,
    1.8984982723470234,
    1.904931551050347,
    1.8945946435794196,
    1.898613994688634,
    1.9013955411703691,
    1.902239803462992,
    1.897719030185124,
    1.900866400097947,
    1.9022773772554324,
    1.9020000109282296,
    1.8981582653492004,
    1.9007517390543847,
