{
  "status": "ok",
  "metric": 0.016380244755244754,
  "reward_mean": 0.016380244755244754,
  "gate_mean": 0.0,
  "gate_active": 0.0,
  "zero_shot_f1": 0.06352152267058056,
  "steps_run": 150,
  "wall_time_s": 454.0905737876892,
  "cell_id": "qwen2_5_3b__grpo__search_qa__s42"
}