{
  "status": "ok",
  "cell_id": "c_convpool_noaug_cifar10",
  "letter": "C",
  "variant": "convpool",
  "dataset": "cifar10",
  "augment": false,
  "lr": 0.05,
  "best_lr": 0.05,
  "epochs_total": 350,
  "epochs_run": 350,
  "metric": 0.8869,
  "test_error_pct": 11.309999999999999,
  "test_accuracy": 0.8869,
  "accuracy": 0.8869,
  "final_train_loss": 0.27442996596436364,
  "train_loss_history": [
    2.0902867301955554,
    1.6849207698231767,
    1.4258748924030977,
    1.2729750784766642,
    1.196212155282345,
    1.1479974338770522,
    1.1057865421485413,
    1.0469488902470034,
    1.021714962504404,
    0.9674529337212253,
    0.9410253019284105,
    0.9158708912027461,
    0.9025709940039593,
    0.8562612763756071,
    0.8618837133088075,
    0.8276719995166945,
    0.8080312922177717,
    0.7992443610030366,
    0.7914387135554457,
    0.7640687431520818,
    0.7621763301322527,
    0.745406285042653,
    0.7336842316343352,
    0.7281906417263743,
    0.7222418629604838,
    0.7161027487281644,
    0.7116497181870444,
    0.7094399403123295,
    0.6991659031652123,
    0.6862378546496486,
    0.6817559194381889,
    0.6703402489957297,
    0.6861332378271595,
    0.6655017424879781,
    0.6517527394587427,
    0.6501125600331884,
    0.6535029340430599,
    0.6403744182623256,
    0.6416110240894816,
    0.6356460138050186,
    0.6209446935702467,
    0.6262908600785239,
    0.6281407314645665,
    0.6102686548781822,
    0.626293202495331,
    0.6143944140742806,
    0.6122586720282465,
    0.6187774158652176,
    0.6159150585951403,
    0.6114609235387933,
    0.607175058949634,
    0.5962354495092426,
    0.6005434190373287,
    0.5973006588266329,
    0.5945198143382207,
    0.5913621883105744,
    0.5819617372644527,
    0.5963991888801156,
    0.5860934452632504,
    0.5944271258381016,
    0.5841540285693411,
    0.586505215262513,
    0.5872243088681984,
    0.581658132317121,
    0.5786031202587021,
    0.583181340523693,
    0.5838357411382143,
    0.5678496727400728,
    0.5790354900652795,
    0.5720721459602152,
    0.572367202138047,
    0.5774775331892321,
    0.5600863039646002,
    0.5731208976882193,
    0.5673756391343558,
    0.5706038649582192,
    0.5652017106333047,
    0.5682490931447509,
    0.5621333642079093,
    0.5715998375354825,
    0.5576260933638229,
    0.5644588114507972,
    0.5713577577677529,
    0.5637795891603241,
    0.5692271712186087,
    0.5692206447386681,
    0.5617063711671268,
    0.5639421328559251,
    0.5562073705751268,
    0.5584739625758832,
    0.5594059540640057,
    0.5550700650190759,
    0.5580574889164751,
    0.5556728011354461,
    0.5534410538423397,
    0.5586093905026955,
    0.5548264115210384,
    0.5543653548830916,
    0.5543785144758346,
    0.5479189697129038,
    0.547187152802182,
    0.5474081994475001,
    0.5495692512110981,
    0.5534923112453403,
    0.5456543342993997,
    0.5566072534874577,
    0.5536471334717158,
    0.5497075881799469,
    0.5422771007508573,
    0.5470988255022736,
    0.5409056005423026,
    0.5488262040840696,
    0.5504827526066919,
    0.5461789454950396,
    0.5399439335631593,
    0.5343338453861148,
    0.5498794630512862,
    0.5474818602699758,
    0.5420242275118523,
    0.5442655030113962,
    0.5429012573436093,
    0.5405724710210815,
    0.550783538681162,
    0.5398182461176382,
    0.5465785547747941,
    0.5370650353181697,
    0.5428556892877955,
    0.5470136486355911,
    0.5362076892724732,
    0.5341693902259592,
    0.5420159577103831,
    0.5305619403681792,
    0.5379948998656114,
    0.5471783605073114,
    0.5331683241192947,
    0.5308623061613049,
    0.5404476049306143,
    0.535986045666058,
    0.5327020103821669,
    0.5400124055040462,
    0.5310664561093615,
    0.5352893364246544,
    0.533211727124041,
    0.5378310240595542,
    0.5262614779765039,
    0.5307709421495648,
    0.5293748233934192,
    0.5357749972806867,
    0.5394081553382337,
    0.5355295371216582,
    0.5355893096045765,
    0.5389684499682063,
    0.5419195132792148,
    0.5374394237537823,
    0.5371700050428395,
    0.5392496248187921,
    0.5417073132741786,
    0.5236859099791787,
    0.5341400911893381,
    0.5271273394832221,
    0.5345654989142552,
    0.5382326591350234,
    0.5376598866241972,
    0.5314683574239921,
    0.5339072909196625,
    0.5297175308170221,
    0.5287719703543826,
    0.5240343178782012,
    0.5398230110592854,
    0.538279853056154,
    0.5331817847840926,
    0.5301874715958714,
    0.5262825836610916,
    0.5439843809055855,
    0.5346967641197508,
    0.5306248056614186,
    0.5283248355931334,
    0.5378480587164154,
    0.5277197687217342,
    0.5254492656806545,
    0.5316829076965751,
    0.5303486825712501,
    0.5300259602344249,
    0.5239790761104935,
    0.5230361367278087,
    0.5313832585311606,
    0.5334451963834446,
    0.5259360595965934,
    0.5276198455744692,
    0.5343749145107806,
    0.5345395011517703,
    0.53097699113819,
    0.5274945751327993,
    0.5223125373311055,
    0.5312826182226391,
    0.5290737418872317,
    0.528964094874804,
    0.5335008955520132,
    0.5264676057774088,
    0.5254126998317211,
    0.3768957239358931,
    0.35058400217834335,
    0.3441372291968607,
    0.3345168582771135,
    0.33704565720789875,
    0.32872527902540954,
    0.3287250571467383,
    0.3252595594090879,
    0.32563441629757356,
    0.326331031101439,
    0.32379461333269965,
    0.3210241705788981,
    0.32266304411394214,
    0.31805191564437985,
    0.3183939354803861,
    0.3175334321034839,
    0.3210219614722235,
    0.3162311845270874,
    0.3179225999757152,
    0.31548731741697894,
    0.31686759722964536,
    0.3201634824047308,
    0.3143520784728667,
    0.3174209767747718,
    0.31730067257381156,
    0.31946843961620575,
    0.31678535143280273,
    0.31673846551981727,
    0.3193270889541987,
    0.31934320606539013,
    0.31885794174793125,
    0.3192547571933483,
    0.322989682864655,
    0.3192528374588398,
    0.3195292626119331,
    0.319177650963254,
    0.3225699846473191,
    0.32113821297655326,
    0.3228317888267815,
    0.31978714511827433,
    0.3216828283522745,
    0.3218288313397361,
    0.31787251404789096,
    0.31879739444274124,
    0.316540617619634,
    0.3189007601393458,
    0.320942065676155,
    0.3269071017232392,
    0.31989744995408653,
    0.32408493909689473,
    0.2919873424122096,
    0.2853963465413169,
    0.2848530798159597,
    0.2835866749057989,
    0.28119474371223496,
    0.2809260967366226,
    0.2810221139503562,
    0.2814148192286796,
    0.2804133718657067,
    0.27871092833826305,
    0.28256374197390377,
    0.28136941782958674,
    0.282222634919769,
    0.28072556441702196,
    0.27874097254727503,
    0.2770811695500713,
    0.2808377573938321,
    0.2788555628198492,
    0.28274922191029617,
    0.2793053201854686,
    0.28115204727405785,
    0.27606032628689886,
    0.27980924132839796,
    0.2802728816981206,
    0.2801047624529475,
    0.2799889175864437,
    0.2802804304510736,
    0.2785049835815454,
    0.2776303612210257,
    0.2792767397964092,
    0.2773936725867069,
    0.2789684010436163,
    0.27569204477397985,
    0.28025794528481907,
    0.27963456751592936,
    0.27748253888181407,
    0.2785160120033547,
    0.27704939139468593,
    0.2819056462906206,
    0.276117406080446,
    0.2791672310865749,
    0.2777666088260348,
    0.27929337172175916,
    0.27694692952401195,
    0.28097852618645525,
    0.2777216138742159,
    0.27942083796957873,
    0.27812844937872094,
    0.27785400550841066,
    0.2765886315985409,
    0.2752418490245824,
    0.27570041545364254,
    0.2745401046770003,
    0.2766566835248562,
    0.2732071650531286,
    0.27304098021496287,
    0.2751693406983105,
    0.2734613338166186,
    0.2771874413351574,
    0.27479890499578413,
    0.2760769307537152,
    0.2735562759363438,
    0.2777451684941416,
    0.27275779008712914,
    0.27347793957918803,
