{
  "status": "ok",
  "metric": 0.03873385114217889,
  "reward_mean": 0.03873385114217889,
  "gate_mean": 0.0,
  "gate_active": 0.0,
  "zero_shot_f1": 0.09303828355552493,
  "steps_run": 150,
  "wall_time_s": 858.0546798706055,
  "cell_id": "qwen2_5_3b__grpo__search_qa__s42"
}