{
  "status": "ok",
  "metric": 0.375724796037296,
  "reward_mean": 0.375724796037296,
  "gate_mean": 0.3614344036206603,
  "gate_active": 0.15581678261514753,
  "delta_t_mean": -0.34745547848558705,
  "opsd_loss_mean": 0.1697229199577123,
  "zero_shot_f1": 0.0332687186716792,
  "steps_run": 150,
  "wall_time_s": 908.493246793747,
  "cell_id": "qwen2_5_3b__sdar__search_qa__s42"
}