{
  "status": "ok",
  "cell_id": "b_allcnn_noaug_cifar10",
  "letter": "B",
  "variant": "allcnn",
  "dataset": "cifar10",
  "augment": false,
  "lr": 0.05,
  "best_lr": 0.05,
  "epochs_total": 350,
  "epochs_run": 350,
  "metric": 0.8505,
  "test_error_pct": 14.949999999999996,
  "test_accuracy": 0.8505,
  "accuracy": 0.8505,
  "final_train_loss": 0.4300329592221838,
  "train_loss_history": [
    2.071201169582279,
    1.7914105053143123,
    1.578375956896321,
    1.3979515779353773,
    1.2914548302855333,
    1.258105715827259,
    1.2089197352109358,
    1.1452296335069114,
    1.1189930952723375,
    1.1101579152409682,
    1.0820694820350394,
    1.0449429759588997,
    1.0366911574092972,
    1.0202599830944519,
    1.0150746081186377,
    0.9995801053998415,
    0.9937644509403297,
    0.9915057109749835,
    0.9862179759213382,
    0.9593892336806373,
    0.9598982073461918,
    0.9568163751031432,
    0.9372536565946497,
    0.942530751380774,
    0.9401555668057688,
    0.9323384873092632,
    0.9213421512442781,
    0.9033204080808498,
    0.9083701356902452,
    0.9060799267590808,
    0.8866156063726186,
    0.8968124961304238,
    0.8970175801640581,
    0.8881969175985097,
    0.8805539740625855,
    0.8832805854890048,
    0.8675518868219517,
    0.8665187166779852,
    0.8734625692257796,
    0.8674410702017568,
    0.8692670513296981,
    0.8599240901829946,
    0.8631361110131149,
    0.8538174711529861,
    0.8524315212388782,
    0.8651607342998086,
    0.8508235809138364,
    0.8525667486288359,
    0.845887197710364,
    0.8345126323687756,
    0.8444883437717662,
    0.8342662263099495,
    0.8393075993603758,
    0.8347644401938105,
    0.8223418570540445,
    0.8130861642720449,
    0.8349161899608114,
    0.8342436972786399,
    0.8285892227726519,
    0.8147295803365195,
    0.8227091439239814,
    0.8166965962675832,
    0.8127142966860701,
    0.8079811372720372,
    0.8227679761474395,
    0.8094512779084618,
    0.8033823587400529,
    0.7930551087459945,
    0.799542108307714,
    0.8079800335952388,
    0.801141091015028,
    0.7929444566102284,
    0.792602010700099,
    0.7985165216733733,
    0.8078327191150402,
    0.7971497077466277,
    0.7935588066382786,
    0.7922910348228787,
    0.7918970598589123,
    0.7837889194488525,
    0.7894026638601747,
    0.7870241200832455,
    0.799912800416922,
    0.7856392178998883,
    0.7839217024386081,
    0.7844677384552139,
    0.796162326012731,
    0.7874114397541642,
    0.7779845519139029,
    0.7806780650792524,
    0.773724070747795,
    0.7776826396012855,
    0.770818124951609,
    0.7767774561024687,
    0.7595044597792808,
    0.780571285797202,
    0.769336517204714,
    0.7611110274444151,
    0.7544034701174177,
    0.7635879159888344,
    0.7646769867528735,
    0.7599616835794181,
    0.7608340074644064,
    0.7592025673602854,
    0.7625769824932909,
    0.7579109090978228,
    0.7588450888843488,
    0.7624383837823063,
    0.757023031754262,
    0.7490110202213688,
    0.7644032012013828,
    0.7598267223524011,
    0.753130511097286,
    0.7523522920468274,
    0.7585724355924465,
    0.7478059138483404,
    0.7527153267884803,
    0.7446061392574359,
    0.754941934972163,
    0.738996548344717,
    0.7562026091853676,
    0.7501551050054448,
    0.7481015759050998,
    0.7504573808911511,
    0.7348295194108773,
    0.7463444594836905,
    0.7390279718829543,
    0.7406688074931465,
    0.7420515036948806,
    0.7362956101327296,
    0.7395131950030851,
    0.742210348777454,
    0.7408866735980334,
    0.7456462715592835,
    0.743417672641442,
    0.7272379796980591,
    0.7346953209251395,
    0.7372597743330709,
    0.7333869253430525,
    0.7438251007243496,
    0.7290742962866488,
    0.7358629605959138,
    0.7289495922415458,
    0.7220829358643583,
    0.7396540492391952,
    0.7239977704442065,
    0.7420186507884804,
    0.7354225703822378,
    0.7383687576979322,
    0.7347164803453724,
    0.7345430817445526,
    0.7329419856638555,
    0.7339932512291862,
    0.7309427699621986,
    0.7261247851354692,
    0.7317274324881756,
    0.7292461273310434,
    0.7380042588314437,
    0.7265059866411302,
    0.7270918088343442,
    0.7290379331849725,
    0.7252838023940621,
    0.7265295080669091,
    0.718252146640397,
    0.7265672908567101,
    0.7330376714696665,
    0.708882056919815,
    0.7146106426368284,
    0.7096377464054185,
    0.7029418775340175,
    0.7045018485440012,
    0.7073381736760249,
    0.7128255015901287,
    0.6977666633970597,
    0.6904707529660686,
    0.6890586436252155,
    0.6737326858446117,
    0.67847793082447,
    0.6729561081322868,
    0.6637972741175795,
    0.6732951778432598,
    0.6602230037722137,
    0.6657606098810425,
    0.6658660094908742,
    0.6539743086108771,
    0.6605804296558165,
    0.6585567141585338,
    0.6572589414656315,
    0.664222355160262,
    0.6574766379030769,
    0.6590990483608392,
    0.6461777767104566,
    0.6481130265671274,
    0.6448808011344022,
    0.654603277707039,
    0.6470482043750451,
    0.6484412707178794,
    0.6397038572432135,
    0.6462315849940795,
    0.6526379398525218,
    0.49890131756777656,
    0.47892279195053805,
    0.4731499657149205,
    0.4696071458899457,
    0.46554870404245907,
    0.46667700906848664,
    0.4660784564817043,
    0.46493086005415757,
    0.45904702603664543,
    0.4655985409951271,
    0.46395776895305996,
    0.45968841614625644,
    0.4639393836640946,
    0.4592603776613465,
    0.4602290939949358,
    0.46142949705081215,
    0.4615122053171972,
    0.4643534674973744,
    0.4575146184400524,
    0.4649003552811225,
    0.45674806863755524,
    0.463245622947088,
    0.46681477087537954,
    0.46329519038310135,
    0.46267218358071566,
    0.4597865187603494,
    0.46555337157395793,
    0.46717996921990534,
    0.46620875162541714,
    0.4647488090235864,
    0.4652853137087029,
    0.4658743838977326,
    0.4648311757065756,
    0.46861575814464207,
    0.46653329853511527,
    0.4670772158428836,
    0.46919612773239155,
    0.46554020946592933,
    0.46240269680462226,
    0.46679591507558016,
    0.46914528611370976,
    0.46949757768979766,
    0.4723500530128284,
    0.4709870084319883,
    0.4689942358247459,
    0.4697016119347204,
    0.4692498097944138,
    0.47559296436931775,
    0.47348082660104307,
    0.4761401959087538,
    0.44439804066172645,
    0.43759279254147465,
    0.4390228320570553,
    0.43750484009532975,
    0.4370348990115973,
    0.43566260930827205,
    0.43600489058153097,
    0.43660457070221376,
    0.4375627248945748,
    0.43803296034293404,
    0.43743650230300396,
    0.4359710357149544,
    0.43497294797311964,
    0.43603493917323743,
    0.43816247353773286,
    0.4361066602532516,
    0.4354992226871383,
    0.43747827342099244,
    0.43666180396628806,
    0.43371439932862205,
    0.4363564858808542,
    0.4349439535909297,
    0.4357235061238184,
    0.43353321812951656,
    0.4369628940854231,
    0.43800135890541175,
    0.4322518186496042,
    0.4366502870836526,
    0.4342374436919342,
    0.4347550022175245,
    0.4318966391827444,
    0.4335002535596833,
    0.4351313930109639,
    0.4362569208568929,
    0.4347466458292568,
    0.43525307608382474,
    0.43855527485423074,
    0.4366248351381258,
    0.43511442809611023,
    0.4324501196441748,
    0.4337534668957791,
    0.43154661010598283,
    0.43683609968561044,
    0.4336208358140248,
    0.4351700924698959,
    0.43542373119412786,
    0.4343910931473803,
    0.43691982218371633,
    0.436286321305253,
    0.437411496020339,
    0.42927006855035377,
    0.4320156046801516,
    0.42976405004711105,
    0.42943806325078315,
    0.429554568151074,
    0.430311681821828,
    0.43134996165399964,
    0.429503738537164,
    0.4321796989349453,
    0.4290814637528051,
    0.4279295481989146,
    0.4315913276522971,
    0.430457092916874,
    0.4295573333264007,
    0.43182970899755085,
