{"step": [0, 1, 2, 3, 4, 5, 6, 7, 8, 9, 10, 11, 12, 13, 14, 15, 16, 17, 18, 19, 20, 21, 22, 23, 24, 25, 26, 27, 28, 29, 30, 31, 32, 33, 34, 35, 36, 37, 38, 39, 40, 41, 42, 43, 44, 45, 46, 47, 48, 49, 50, 51, 52, 53, 54, 55, 56, 57, 58, 59, 60, 61, 62, 63, 64, 65, 66, 67, 68, 69, 70, 71, 72, 73, 74, 75, 76, 77, 78, 79, 80, 81, 82, 83, 84, 85, 86, 87, 88, 89, 90, 91, 92, 93, 94, 95, 96, 97, 98, 99, 100, 101, 102, 103, 104, 105, 106, 107, 108, 109, 110, 111, 112, 113, 114, 115, 116, 117, 118, 119, 120, 121, 122, 123, 124, 125, 126, 127, 128, 129, 130, 131, 132, 133, 134, 135, 136, 137, 138, 139, 140, 141, 142, 143, 144, 145, 146, 147, 148, 149], "loss": [0.08222884638234973, 0.0868213651701808, 0.08060197904706001, 0.10731513798236847, 0.09714669268578291, 0.08563314750790596, 0.07064111344516277, 0.05873454920947552, 0.0639612739905715, 0.06698325648903847, 0.0930885374546051, 0.046481534373015165, 0.0643896465189755, 0.0587335373274982, 0.05246209725737572, 0.0824555791914463, 0.06443126080557704, 0.08875584043562412, 0.07775711640715599, 0.07136389100924134, 0.06668423861265182, 0.054049454629421234, 0.060092209838330746, 0.07721177954226732, 0.07081460393965244, 0.04915727395564318, 0.0605506245046854, 0.04705949453637004, 0.061537839472293854, 0.05656978860497475, 0.058469999581575394, 0.05893952678889036, 0.059388164430856705, 0.04874949436634779, 0.07314330898225307, 0.05454677762463689, 0.0494639971293509, 0.06426484091207385, 0.052447326481342316, 0.05144128203392029, 0.04319797595962882, 0.040724033024162054, 0.044698681216686964, 0.06128164380788803, 0.06013760715723038, 0.057977333664894104, 0.07721296697854996, 0.08986302837729454, 0.053217324893921614, 0.05021100724115968, 0.06520158052444458, 0.06472108140587807, 0.07588248513638973, 0.054156613536179066, 0.05749603733420372, 0.07868245616555214, 0.06133656855672598, 0.05907332291826606, 0.05667917616665363, 0.05465031135827303, 0.06002691574394703, 0.0616505416110158, 0.05488519370555878, 0.0746371909044683, 0.04937250539660454, 0.050581829622387886, 0.0671653114259243, 0.07274631410837173, 0.059127144515514374, 0.04585443437099457, 0.052769401110708714, 0.06376653118059039, 0.03748180693946779, 0.06812091078609228, 0.05385029874742031, 0.04718093853443861, 0.0453113317489624, 0.05962501838803291, 0.06147296214476228, 0.045899394899606705, 0.053332587238401175, 0.055649536196142435, 0.06385759264230728, 0.05559423565864563, 0.0707518863491714, 0.05500089004635811, 0.05966808879747987, 0.04644913226366043, 0.03723628516308963, 0.04628707468509674, 0.05834830226376653, 0.05569802038371563, 0.05651359027251601, 0.050932574551552534, 0.04879101854749024, 0.057468666695058346, 0.04018346965312958, 0.04034459590911865, 0.04749914864078164, 0.043169314973056316, 0.043850984191522, 0.040183878503739834, 0.04380697128362954, 0.04417218849994242, 0.047860220074653625, 0.04245025687851012, 0.04467601119540632, 0.0514950945507735, 0.05238744989037514, 0.05930273677222431, 0.043914590030908585, 0.07195220049470663, 0.055449021980166435, 0.06015954166650772, 0.06725186295807362, 0.05422227503731847, 0.054854802787303925, 0.051336174830794334, 0.0518349832855165, 0.03351016505621374, 0.03925483673810959, 0.048316678032279015, 0.05889977980405092, 0.07953036949038506, 0.07572146458551288, 0.06431831093505025, 0.04973171232268214, 0.03105321596376598, 0.05192685779184103, 0.041241515427827835, 0.04414582205936313, 0.03837267542257905, 0.047667994163930416, 0.05074827093631029, 0.04119578399695456, 0.05632339557632804, 0.04884374514222145, 0.06757269101217389, 0.061975846998393536, 0.12241495586931705, 0.04194882698357105, 0.04068053769879043, 0.03769407910294831, 0.033708271104842424, 0.04076756024733186, 0.052874643821269274, 0.04593744222074747, 0.046089908573776484, 0.03743062540888786, 0.04697227547876537], "grpo_loss": [0.0, -3.91155481338501e-08, 3.725290298461914e-09, 3.725290298461914e-09, 0.0, -3.725290298461914e-09, 4.260800778865814e-08, 0.0, 0.0, 3.6135315895080566e-07, 4.470348358154297e-08, 0.0, 0.0, 0.0, -3.8370490074157715e-07, -5.029141902923584e-08, 0.0, 0.0, 0.0, 0.0, -5.960464477539063e-08, -5.21540641784668e-08, 0.0, -2.9802322387695312e-08, 0.0, 0.0, 0.0, 0.0, 6.407499313354492e-07, 1.862645149230957e-08, -2.60770320892334e-08, 0.0, 7.450580596923828e-09, 0.0, 0.0, 0.0, 0.0, 0.0, -1.1175870895385742e-08, 0.0, 0.0, 0.0, 0.0, 3.725290298461914e-08, 0.0, 0.0, 5.960464477539063e-08, 0.0, -7.083872333168983e-08, 0.0, 2.9802322387695312e-08, 0.0, 0.0, 0.0, 3.725290298461914e-09, -9.313225746154785e-09, 0.0, 0.0, -4.936009645462036e-08, 0.0, 0.0, 1.4901161193847656e-08, -5.960464477539063e-08, 0.0, 0.0, -1.341104507446289e-07, -3.725290298461914e-09, -7.450580596923828e-09, 0.0, -3.725290298461914e-08, 0.0, 0.0, 0.0, 0.0, 0.0, 0.0, 5.699694156646729e-07, 2.3283064365386963e-08, 0.0, -2.2351741790771484e-08, 0.0, 0.0, -2.9802322387695312e-08, -8.940696716308594e-08, 0.0, 0.0, 0.0, 0.0, 0.0, -7.450580596923828e-09, 0.0, 0.0, 0.0, -5.587935447692871e-08, 0.0, 0.0, 5.587935447692871e-09, 1.4901161193847656e-08, 0.0, -1.4901161193847656e-08, 0.0, 0.0, 0.0, 0.0, 3.725290298461914e-09, 0.0, 0.0, 0.0, -2.2351741790771484e-08, 0.0, 3.3527612686157227e-08, 0.0, 0.0, -1.4901161193847656e-08, 0.0, 0.0, 3.725290298461914e-09, 0.0, 0.0, 0.0, 0.0, 2.421438694000244e-08, 0.0, 1.1548399925231934e-07, 0.0, 0.0, 0.0, 0.0, 0.0, 0.0, 0.0, 0.0, 0.0, 0.0, 0.0, 0.0, 0.0, 0.0, 0.0, 3.725290298461914e-08, 0.0, 0.0, 0.0, 0.0, 0.0, 0.0, 0.0, 0.0, 0.0, 0.0],