{
  "status": "ok",
  "metric": 0.00605392156862745,
  "reward_mean": 0.00605392156862745,
  "gate_mean": 0.9999999944120646,
  "gate_active": 0.9999999944120646,
  "delta_t_mean": -4.282122787335133,
  "opsd_loss_mean": 0.5016826533712446,
  "zero_shot_f1": 0.0641371696148584,
  "steps_run": 150,
  "wall_time_s": 887.1198365688324,
  "cell_id": "qwen2_5_3b__grpo_opsd__search_qa__s42"
}