{
  "status": "ok",
  "cell_id": "c_allcnn_aug_cifar100",
  "letter": "C",
  "variant": "allcnn",
  "dataset": "cifar100",
  "augment": true,
  "lr": 0.05,
  "best_lr": 0.05,
  "epochs_total": 350,
  "epochs_run": 350,
  "metric": 0.4895,
  "test_error_pct": 51.05,
  "test_accuracy": 0.4895,
  "accuracy": 0.4895,
  "final_train_loss": 1.922088254748098,
  "train_loss_history": [
    4.514024763765847,
    4.273628606210889,
    4.070285089790364,
    3.9169909496746405,
    3.799870362976933,
    3.7003502016482144,
    3.604344035048619,
    3.522816842169408,
    3.463555479293589,
    3.4041217196627955,
    3.3617754799630637,
    3.3059416994109485,
    3.2411567957504936,
    3.217593977823282,
    3.1956381822181177,
    3.134760416377231,
    3.110375025693108,
    3.0883926613556456,
    3.0424491310363537,
    3.024782103955593,
    3.002688167040305,
    2.9921704387420887,
    2.9588357243696444,
    2.95779553032897,
    2.9291769348446977,
    2.914135403645313,
    2.9068001499566276,
    2.891024327339114,
    2.87260468475654,
    2.8516526490526126,
    2.8406587933640344,
    2.837492895858062,
    2.8163719866281887,
    2.823008649489459,
    2.80836026138052,
    2.800839487548984,
    2.7987173317033616,
    2.7880879777776615,
    2.7664398738490346,
    2.7731341065653146,
    2.751067606079609,
    2.753089104162153,
    2.7434775829315186,
    2.7527454875009445,
    2.7456361381599055,
    2.7371043677220257,
    2.7239926684542994,
    2.718742755367933,
    2.715961857524979,
    2.708738177023885,
    2.6898408332444212,
    2.703078291910079,
    2.68929108207488,
    2.691558944599708,
    2.6934939802760054,
    2.6744687112091143,
    2.6743844707908533,
    2.6879433036765175,
    2.6618864389941517,
    2.6818624457434925,
    2.6694662235581967,
    2.674925263885342,
    2.66754621983794,
    2.660473427809108,
    2.6539130180388155,
    2.65519415752967,
    2.649524444204462,
    2.6514551249306524,
    2.634573625481647,
    2.6515360555380507,
    2.6341233192502385,
    2.634020773041279,
    2.6204309457403316,
    2.6453054664689866,
    2.635023743295304,
    2.6333081008833084,
    2.6341712297990805,
    2.6291518790642625,
    2.6133177347500305,
    2.6161281117392927,
    2.6286716973385236,
    2.609786027532709,
    2.62958458988258,
    2.627344035736435,
    2.61952928813827,
    2.6055405475294497,
    2.6138416732973453,
    2.592898654815791,
    2.6111868927850748,
    2.6029242011897096,
    2.6111060865699787,
    2.6040003976553603,
    2.6005989828378038,
    2.5889441979205823,
    2.5871379619364236,
    2.5826848626441663,
    2.597787921081114,
    2.593798624585047,
    2.583596429556532,
    2.595774179834234,
    2.5959344977308114,
    2.5893582517228775,
    2.5790261563742556,
    2.5767688812197322,
    2.587954803500944,
    2.5829294532766123,
    2.578254454581024,
    2.558081780553169,
    2.6008090198497333,
    2.5783210319021475,
    2.5839533293643573,
    2.5623247129532993,
    2.5792922693140365,
    2.570545489830739,
    2.5540807405701074,
    2.572645113596221,
    2.568552819664216,
    2.5567819883146554,
    2.5735216921247788,
    2.5498912675911205,
    2.554270660175997,
    2.551130113089481,
    2.5565456734288987,
    2.555676948079063,
    2.543289097983514,
    2.5600445941281134,
    2.5494662233630714,
    2.5468532093955427,
    2.543503788730982,
    2.535136655773348,
    2.5437638948640555,
    2.549919474765163,
    2.5372005472402743,
    2.531788224149543,
    2.5483884360174387,
    2.537831862564282,
    2.525709080879036,
    2.5354563305749918,
    2.5224830085969034,
    2.5341277037130294,
    2.52398632066634,
    2.520641072022031,
    2.53140236959433,
    2.523286794457594,
    2.527194678630975,
    2.527716467752481,
    2.506777475252176,
    2.534388479674259,
    2.5268406508218906,
    2.524849615438515,
    2.5169085986778863,
    2.510387601145088,
    2.515570298485134,
    2.5084741987535715,
    2.51267252126923,
    2.5014008969602073,
    2.5152056345244502,
    2.5099555049710873,
    2.5072576213065925,
    2.49986830757707,
    2.50745142878169,
    2.5027404959549377,
    2.507489680024364,
    2.500934919737794,
    2.5044858864201305,
    2.4960435534377234,
    2.4947436691245155,
    2.489703633901103,
    2.5102130787451857,
    2.48006490917157,
    2.490332835165741,
    2.500962312873977,
    2.499832510643298,
    2.485620907810338,
    2.4917860924435393,
    2.483975567781102,
    2.4815760707611316,
    2.4947564211647832,
    2.488099495163354,
    2.482975125007922,
    2.4829643522686973,
    2.480419592479306,
    2.4785664462677355,
    2.4678815597158565,
    2.477487388779135,
    2.468960752877433,
    2.476768506762317,
    2.4739977587824282,
    2.4680262493050615,
    2.4683217764510523,
    2.461059773059757,
    2.476930989938624,
    2.468505693518597,
    2.4729106856124177,
    2.4686208734731845,
    2.469561198788226,
    2.475977319890581,
    2.4664181089767103,
    2.4670183567134925,
    2.460346243265645,
    2.1328745095626167,
    2.0809415170298817,
    2.0591021956080366,
    2.0435589564120984,
    2.040906811919054,
    2.0265479944551084,
    2.0190083300671002,
    2.0195559677870376,
    2.019466001054515,
    2.019864472281902,
    2.018007341553183,
    2.017849512722181,
    2.0160521948733905,
    2.0107537053735056,
    2.00246574384782,
    2.0111450499585826,
    2.008288394459678,
    2.0046992655605305,
    2.005080343512318,
    2.0127720204765533,
    2.0098448552743857,
    2.0075688761518435,
    2.0119742685571658,
    2.016591396173248,
    2.0142891099081015,
    2.014375080537918,
    2.0127623398285692,
    2.0128948575700334,
    2.004579484920063,
    2.012743536773545,
    2.0167233239659264,
    2.0181915598452242,
    2.019396870642367,
    2.0181378013337663,
    2.01417845228444,
    2.0142047676588875,
    2.0156639100950393,
    2.0181758403778076,
    2.018511964841877,
    2.016962352616098,
    2.013042427389823,
    2.0226786853102467,
    2.020720760535706,
    2.0244876798766347,
    2.0220505416850605,
    2.0257316955824947,
    2.02762677023173,
    2.0283560603475936,
    2.027217743646763,
    2.021035094090435,
    1.9504383329845145,
    1.9453682076290746,
    1.939111916610347,
    1.9339087536877684,
    1.933262453054833,
    1.9337452009815694,
    1.9326900630960684,
    1.93356359065951,
    1.931939062864884,
    1.9324841932262606,
    1.932694461034692,
    1.9330085296460124,
    1.9325988527454074,
    1.9323994595071543,
    1.9315588135853448,
    1.9354461013813458,
    1.9277383897005749,
    1.9268751885275097,
    1.9297959865511531,
    1.925692920184806,
    1.9323777274402512,
    1.9311305138156236,
    1.9339957221999498,
    1.9278014041578677,
    1.9258958805552528,
    1.928411208455215,
    1.9320608703681574,
    1.9286987836403615,
    1.9261413840076806,
    1.9345936625814804,
    1.9272397844992635,
    1.925482581033731,
    1.9321900273832824,
    1.925683181304151,
    1.9279486309841771,
    1.9331673959941815,
    1.935809084216652,
    1.9249993294401242,
    1.9367213819337927,
    1.9336798724615971,
    1.9276954719172719,
    1.9318523114294652,
    1.933636289423384,
    1.9298597537648037,
    1.9351671434119535,
    1.934189561992655,
    1.9318205849898746,
    1.9353625381084354,
    1.9354148600107568,
    1.9409753264063765,
    1.9180060164702823,
    1.9250359184601729,
    1.920821398115524,
    1.923044628804297,
    1.9264366660276642,
    1.9232882398473636,
    1.922516169450472,
    1.9204127492807102,
    1.9190513468764323,
    1.9250545818787401,
    1.9207167552255304,
    1.925713206191197,
    1.9179467081718737,
    1.920801196866633,
    1.915215563286296,
    1.9238286981802157,
    1.924360234109337,
    1.9203099829461567,
    1.9182979216051224,
    1.9200329384230592,
    1.9155194978884724,
    1.9153051845862736,
    1.92026708254119,
