{
  "status": "ok",
  "cell_id": "c_base_noaug_cifar10",
  "letter": "C",
  "variant": "base",
  "dataset": "cifar10",
  "augment": false,
  "lr": 0.05,
  "best_lr": 0.05,
  "epochs_total": 350,
  "epochs_run": 350,
  "metric": 0.8782,
  "test_error_pct": 12.180000000000001,
  "test_accuracy": 0.8782,
  "accuracy": 0.8782,
  "final_train_loss": 0.36474832050178363,
  "train_loss_history": [
    1.9854792432711863,
    1.5358873642314121,
    1.3311348394359774,
    1.2076056101133146,
    1.1463281311037596,
    1.086870146834332,
    1.0332695440867978,
    0.9872940736048667,
    0.953368635128831,
    0.9126596488916051,
    0.8934261622026448,
    0.8701325093998629,
    0.8369458084521086,
    0.834216581890955,
    0.7976708256680033,
    0.7905120741375877,
    0.7818949571655839,
    0.7715744958509265,
    0.7485527417543903,
    0.7397978828691155,
    0.7262150641445004,
    0.7239363178267808,
    0.7162025443580754,
    0.7066380267253007,
    0.6959806727936201,
    0.6900168530776373,
    0.6813989620074592,
    0.6743955729562608,
    0.677359737170017,
    0.6607469360694251,
    0.6694003228488785,
    0.6607525289973335,
    0.6533743640803316,
    0.6507852879326667,
    0.6484645278100163,
    0.6490612988886626,
    0.6369709486089399,
    0.6329602839239418,
    0.6302193030524437,
    0.634422448132654,
    0.6328984482209091,
    0.6322412088399043,
    0.6335488227017395,
    0.6262950266871001,
    0.6263142944601796,
    0.6181903539411248,
    0.6150653528435456,
    0.617690964199393,
    0.6216052115115973,
    0.6188293571972177,
    0.6149787531636864,
    0.6063819423965786,
    0.6171774058543202,
    0.6156347891711214,
    0.6057831018477144,
    0.5960615699553429,
    0.6081908599037649,
    0.6113032045419259,
    0.6126340340317973,
    0.5957199945626661,
    0.5991225576461734,
    0.6033983241261729,
    0.6064851251252167,
    0.5991360995623157,
    0.5991133749485016,
    0.5959596095030265,
    0.5943568951028693,
    0.6042666928390102,
    0.6022359087034259,
    0.5948148795863246,
    0.5974375937143555,
    0.5908407176394597,
    0.6046850491515205,
    0.5854090263166696,
    0.5979818094264516,
    0.5801214025453534,
    0.5792867088561777,
    0.5920581066852335,
    0.5818434129743015,
    0.5851765438876189,
    0.5841862927464878,
    0.5865367210429647,
    0.5834666677295705,
    0.5818300041396295,
    0.5831441730641953,
    0.5829225693212445,
    0.582043587018157,
    0.5784250510013317,
    0.5818784192699911,
    0.5867569073844139,
    0.58055819056528,
    0.5788837328286427,
    0.576569122121767,
    0.5859674325074686,
    0.5781907491061998,
    0.5724284916430178,
    0.5811536964553091,
    0.5807115215322246,
    0.5832053866532757,
    0.5786868432141326,
    0.5723864257792988,
    0.5740207926848965,
    0.5741229015390586,
    0.5698633042290387,
    0.5740963933260544,
    0.5762972660991542,
    0.5732177424308894,
    0.5718531576568818,
    0.5740523740763555,
    0.5802704185780967,
    0.5834162135410796,
    0.582569298917985,
    0.5739145339145075,
    0.5734475594194953,
    0.577733429648992,
    0.5772063262627253,
    0.5728401174325772,
    0.5742393773992348,
    0.5734847947154813,
    0.5640703145500339,
    0.5668220670936662,
    0.5744756230765291,
    0.5673354081333141,
    0.5702965285467065,
    0.5663626893706943,
    0.5658292505137451,
    0.5720289919687354,
    0.5733411860130632,
    0.570453857750539,
    0.5673702645027424,
    0.5769731124191333,
    0.5655999522837226,
    0.5702631731167473,
    0.5641190225206067,
    0.5681542029313724,
    0.5680516390391933,
    0.5626786247543667,
    0.5687493421232609,
    0.5661545542957228,
    0.5723576942063353,
    0.5649861679662525,
    0.5651396691341839,
    0.5701671794552328,
    0.5721098174676871,
    0.5713332194806365,
    0.5726450213690852,
    0.562927151275108,
    0.5629729947927967,
    0.5687535216893687,
    0.5616349529122453,
    0.575939889759054,
    0.559471518411051,
    0.5693194494223046,
    0.5706681253202736,
    0.5711876845268338,
    0.5620117586134644,
    0.5668038772347638,
    0.5609545708464845,
    0.5722151868178716,
    0.5673610647316174,
    0.570215212643299,
    0.5702441766134003,
    0.5802298003755262,
    0.5635257987567531,
    0.5687274733162901,
    0.5705827045471162,
    0.5675363440037994,
    0.5624277802836865,
    0.5686565257246842,
    0.5646811642915087,
    0.5648959509247099,
    0.5638473354794485,
    0.5620573435140692,
    0.5684410752847676,
    0.5669457627379376,
    0.56856728126021,
    0.5674920549325626,
    0.5698230452549732,
    0.5662375548306633,
    0.5620005429553254,
    0.568535275395264,
    0.5653713273880122,
    0.565715211279252,
    0.5715638366349213,
    0.5684175043917068,
    0.5619750836163836,
    0.5587481248866567,
    0.5660490053693962,
    0.5641692616902959,
    0.5678342326217906,
    0.566706690718146,
    0.5622367315432605,
    0.5681340590767239,
    0.5674310983599299,
    0.5573520133714847,
    0.5597026463207382,
    0.5662355355899352,
    0.5599686499599301,
    0.562339212583459,
    0.5531958563400962,
    0.430241527612252,
    0.4130531877203061,
    0.40547405057551,
    0.4008450791658953,
    0.39791202518488744,
    0.3939148851520265,
    0.39342282015039487,
    0.39352482671627914,
    0.3960290915139801,
    0.3927022810177425,
    0.3926681110544888,
    0.3935806788980504,
    0.3908954805044262,
    0.3935364679149959,
    0.39265244528460685,
    0.39107477215244946,
    0.3924826306226613,
    0.38876488130263354,
    0.38899841885585007,
    0.39203079364946125,
    0.39315235469957144,
    0.38965392166086477,
    0.3893283174928192,
    0.3949105006349666,
    0.3957634475225073,
    0.38875838271949603,
    0.3986454125484237,
    0.3923542821575004,
    0.3938232408383923,
    0.3904978580715711,
    0.3947910558613365,
    0.39487651188660156,
    0.3968288092433339,
    0.3956811477994675,
    0.3992648528283819,
    0.3958449034815859,
    0.3974718280384303,
    0.3939754345532878,
    0.4009856705927788,
    0.3977307936038508,
    0.39928590401511665,
    0.4022168410403649,
    0.3995405519023881,
    0.39806968259537007,
    0.4012802772204894,
    0.40032467497584157,
    0.40132302503146783,
    0.40367020910505746,
    0.4032190288119304,
    0.40357719186474295,
    0.37868354578152336,
    0.37228242073522505,
    0.3733086507110035,
    0.37445120261910625,
    0.372834954915754,
    0.37459485686343647,
    0.37245467888272327,
    0.37179511381537106,
    0.3705462878546142,
    0.3687229830285777,
    0.37239136914615434,
    0.3706713782628174,
    0.3680589814548907,
    0.3699904401284045,
    0.37238535528902506,
    0.37053468937764084,
    0.37119447026411284,
    0.37075405283962065,
    0.370118004929684,
    0.37099944603869983,
    0.3685398315987014,
    0.3705126548285984,
    0.37267845834764984,
    0.3689202818343097,
    0.37246073424206366,
    0.3712687210734848,
    0.3697206148939669,
    0.3735234451187236,
    0.3707268712541941,
    0.3727308733917563,
    0.36959228254949955,
    0.3730364095448228,
    0.37417312496153593,
    0.36939277486575534,
    0.3729767739925238,
    0.37107115465661755,
    0.3708522069408461,
    0.371020894449995,
    0.3680213054885035,
    0.370716631603058,
    0.3698901647649458,
    0.37181274303237494,
    0.36990777774692496,
    0.3703806756631188,
    0.3708990946831301,
    0.3710550515700484,
    0.36925276728999584,
    0.3749688858799922,
    0.37306999851523154,
    0.37027233271190274,
    0.36683907045427794,
    0.36679395518796826,
    0.36883278152979243,
    0.3664164130035264,
    0.3680910833199006,
    0.36938402422553746,
    0.3669241281878918,
    0.37045548334146094,
    0.36649380788168945,
    0.3695446083993863,
    0.3636761251312997,
    0.3690843954872902,
    0.3651054922653281,
    0.36809301094325914,
    0.36583158358588547,
    0.3676774896243039,
