{
  "status": "ok",
  "metric": 0.17702039808018072,
  "reward_mean": 0.17702039808018072,
  "gate_mean": 0.0,
  "gate_active": 0.0,
  "delta_t_mean": 0.0,
  "opsd_loss_mean": 0.0,
  "zero_shot_f1": 0.026555242786769878,
  "steps_run": 150,
  "wall_time_s": 883.6382791996002,
  "cell_id": "qwen2_5_3b__grpo__search_qa__s42"
}