{
  "epoch": [
    1
  ],
  "train_loss": [
    5.192336559295654
  ],
  "train_acc": [
    0.1484375
  ],
  "test_acc": [
    0.09375
  ],
  "test_err_pct": [
    90.625
  ],
  "lr": [
    0.05
  ]
}