{
  "status": "ok",
  "metric": 0.022739435876487312,
  "reward_mean": 0.022739435876487312,
  "gate_mean": 0.41234011184424163,
  "gate_active": 0.32023645625449715,
  "delta_t_mean": -0.2076606241791228,
  "opsd_loss_mean": 0.07482231156318449,
  "zero_shot_f1": 0.020871013635339195,
  "steps_run": 150,
  "wall_time_s": 839.5714976787567,
  "cell_id": "qwen3_1_7b__sdar__search_qa__s42"
}