{"step": [0, 1, 2, 3, 4, 5, 6, 7, 8, 9, 10, 11, 12, 13, 14, 15, 16, 17, 18, 19, 20, 21, 22, 23, 24, 25, 26, 27, 28, 29, 30, 31, 32, 33, 34, 35, 36, 37, 38, 39, 40, 41, 42, 43, 44, 45, 46, 47, 48, 49, 50, 51, 52, 53, 54, 55, 56, 57, 58, 59, 60, 61, 62, 63, 64, 65, 66, 67, 68, 69, 70, 71, 72, 73, 74, 75, 76, 77, 78, 79, 80, 81, 82, 83, 84, 85, 86, 87, 88, 89, 90, 91, 92, 93, 94, 95, 96, 97, 98, 99, 100, 101, 102, 103, 104, 105, 106, 107, 108, 109, 110, 111, 112, 113, 114, 115, 116, 117, 118, 119, 120, 121, 122, 123, 124, 125, 126, 127, 128, 129, 130, 131, 132, 133, 134, 135, 136, 137, 138, 139, 140, 141, 142, 143, 144, 145, 146, 147, 148, 149], "loss": [-1.1175870895385742e-08, -2.60770320892334e-08, 0.0, 0.0, -1.4901161193847656e-08, 0.0, 0.0, -4.470348358154297e-08, 1.1175870895385742e-08, 0.0, -9.685754776000977e-08, -1.4901161193847656e-08, 5.122274160385132e-09, 0.0, 1.862645149230957e-07, 0.0, -4.507601261138916e-07, 0.0, 0.0, 0.0, 0.0, 1.6763806343078613e-07, 0.0, 3.9639417082071304e-08, -6.658956408500671e-08, -7.450580596923828e-09, 0.0, -5.587935447692871e-09, 1.043081283569336e-07, 0.0, -7.450580596923828e-09, 0.0, 3.725290298461914e-09, 0.0, 0.0, 0.0, 7.450580596923828e-09, -7.947528501972556e-08, -1.862645149230957e-08, 0.0, 4.0046870708465576e-08, 0.0, 0.0, 5.587935447692871e-08, 0.0, 0.0, 4.563480615615845e-08, 2.2351741790771484e-08, 2.9802322387695312e-08, 2.9802322387695312e-08, 0.0, 0.0, 0.0, -2.9802322387695312e-08, 4.470348358154297e-08, 0.0, 1.6577541828155518e-07, 5.029141902923584e-07, 0.0, -1.3969838619232178e-09, -5.960464477539063e-08, 8.381903171539307e-08, -6.817281246185303e-07, 1.4650868251919746e-07, 0.0, 2.0529842004179955e-07, 4.190951585769653e-08, 2.0139850676059723e-08, -3.5995617508888245e-07, -1.862645149230957e-08, 0.0, -5.075708031654358e-07, 4.2654573917388916e-07, -2.1606683731079102e-07, 0.0, -7.450580596923828e-08, 0.0, 0.0, 0.0, 1.862645149230957e-07, 3.725290298461914e-09, -1.4901161193847656e-08, -7.450580596923828e-09, 0.0, 0.0, 1.4901161193847656e-08, -1.4901161193847656e-08, 0.0, -6.705522537231445e-08, -1.4901161193847656e-08, 4.675239324569702e-07, 0.0, 0.0, 2.4959444999694824e-07, -1.1175870895385742e-08, -1.1175870895385742e-08, 0.0, -5.587935447692871e-08, 0.0, 0.0, 0.0, 0.0, 0.0, -1.1175870895385742e-08, 0.0, -2.0116567611694336e-07, -1.862645149230957e-08, 1.4901161193847656e-08, 0.0, 0.0, 0.0, 0.0, -3.3527612686157227e-08, -1.4901161193847656e-08, -7.450580596923828e-09, 0.0, 4.842877388000488e-08, 0.0, -1.4901161193847656e-08, -4.470348358154297e-08, -7.450580596923828e-09, 1.862645149230957e-08, 0.0, 2.7939677238464355e-09, 0.0, 0.0, 0.0, 0.0, -1.862645149230957e-08, -1.1175870895385742e-08, 7.450580596923828e-09, 1.4901161193847656e-08, -7.450580596923828e-09, 0.0, 0.0, 0.0, 0.0, 0.0, 0.0, 0.0, 7.450580596923828e-09, -1.1175870895385742e-08, 0.0, -8.381903171539307e-09, 8.195638656616211e-08, 7.450580596923828e-09, 0.0, 0.0, 0.0, 0.0], "grpo_loss": [-1.1175870895385742e-08, -2.60770320892334e-08, 0.0, 0.0, -1.4901161193847656e-08, 0.0, 0.0, -4.470348358154297e-08, 1.1175870895385742e-08, 0.0, -9.685754776000977e-08, -1.4901161193847656e-08, 5.122274160385132e-09, 0.0, 1.862645149230957e-07, 0.0, -4.507601261138916e-07, 0.0, 0.0, 0.0, 0.0, 1.6763806343078613e-07, 0.0, 3.9639417082071304e-08, -6.658956408500671e-08, -7.450580596923828e-09, 0.0, -5.587935447692871e-09, 1.043081283569336e-07, 0.0, -7.450580596923828e-09, 0.0, 3.725290298461914e-09, 0.0, 0.0, 0.0, 7.450580596923828e-09, -7.947528501972556e-08, -1.862645149230957e-08, 0.0, 4.0046870708465576e-08, 0.0, 0.0, 5.587935447692871e-08, 0.0, 0.0, 4.563480615615845e-08, 2.2351741790771484e-08, 2.9802322387695312e-08, 2.9802322387695312e-08, 0.0, 0.0, 0.0, -2.9802322387695312e-08, 4.470348358154297e-08, 0.0, 1.6577541828155518e-07, 5.029141902923584e-07, 0.0, -1.3969838619232178e-09, -5.960464477539063e-08, 8.381903171539307e-08, -6.817281246185303e-07, 1.4650868251919746e-07, 0.0, 2.0529842004179955e-07, 4.190951585769653e-08, 2.0139850676059723e-08, -3.5995617508888245e-07, -1.862645149230957e-08, 0.0, -5.075708031654358e-07, 4.2654573917388916e-07, -2.1606683731079102e-07, 0.0, -7.450580596923828e-08, 0.0, 0.0, 0.0, 1.862645149230957e-07, 3.725290298461914e-09, -1.4901161193847656e-08, -7.450580596923828e-09, 0.0, 0.0, 1.4901161193847656e-08, -1.4901161193847656e-08, 0.0, -6.705522537231445e-08, -1.4901161193847656e-08, 4.675239324569702e-07, 0.0, 0.0, 2.4959444999694824e-07, -1.1175870895385742e-08, -1.1175870895385742e-08, 0.0, -5.587935447692871e-08, 0.0, 0.0, 0.0, 0.0, 0.0, -1.1175870895385742e-08, 0.0, -2.0116567611694336e-07, -1.862645149230957e-08, 1.4901161193847656e-08, 0.0, 0.0, 0.0, 0.0, -3.3527612686157227e-08, -1.4901161193847656e-08, -7.450580596923828e-09, 0.0, 4.842877388000488e-08, 0.0, -1.4901161193847656e-08, -4.470348358154297e-08, -7.450580596923828e-09, 1.862645149230957e-08, 0.0, 2.7939677238464355e-09, 0.0, 0.0, 0.0, 0.0, -1.862645149230957e-08, -1.1175870895385742e-08, 7.450580596923828e-09, 1.4901161193847656e-08, -7.450580596923828e-09, 0.0, 0.0, 0.0, 0.0, 0.0, 0.0, 0.0, 7.450580596923828e-09, -1.1175870895385742e-08, 0.0, -8.381903171539307e-09, 8.195638656616211e-08, 7.450580596923828e-09, 0.0, 0.0, 0.0, 0.0], "opsd_loss": [0.0, 0.0, 0.0, 0.0, 0.0, 0.0, 0.0, 0.0, 0.0, 0.0, 0.0, 0.0, 0.0, 0.0, 0.0, 0.0, 0.0, 0.0, 0.0, 0.0, 0.0, 0.0, 0.0, 0.0, 0.0, 0.0, 0.0, 0.0, 0.0, 0.0, 0.0, 0.0, 0.0, 0.0, 0.0, 0.0, 0.0, 0.0, 0.0, 0.0, 0.0, 0.0, 0.0, 0.0, 0.0, 0.0, 0.0, 0.0, 0.0, 0.0, 0.0, 0.0, 0.0, 0.0, 0.0, 0.0, 0.0, 0.0, 0.0, 0.0, 0.0, 0.0, 0.0, 0.0, 0.0, 0.0, 0.0, 0.0, 0.0, 0.0, 0.0, 0.0, 0.0, 0.0, 0.0, 0.0, 0.0, 0.0, 0.0, 0.0, 0.0, 0.0, 0.0, 0.0, 0.0, 0.0, 0.0, 0.0, 0.0, 0.0, 0.0, 0.0, 0.0, 0.0, 0.0, 0.0, 0.0, 0.0, 0.0, 0.0, 0.0, 0.0, 0.0, 0.0, 0.0, 0.0, 0.0, 0.0, 0.0, 0.0, 0.0, 0.0, 0.0, 0.0, 0.0, 0.0, 0.0, 0.0, 0.0, 0.0, 0.0, 0.0, 0.0, 0.0, 0.0, 0.0, 0.0, 0.0, 0.0, 0.0, 0.0, 0.0, 0.0, 0.0, 0.0, 0.0, 0.0, 0.0, 0.0, 0.0, 0.0, 0.0, 0.0, 0.0, 0.0, 0.0, 0.0, 0.0, 0.0, 0.0],