{
  "status": "ok",
  "metric": 0.16392742498282556,
  "reward_mean": 0.16392742498282556,
  "gate_mean": 0.0,
  "gate_active": 0.0,
  "delta_t_mean": 0.0,
  "opsd_loss_mean": 0.0,
  "zero_shot_f1": 0.07242277298850575,
  "steps_run": 150,
  "wall_time_s": 794.2714076042175,
  "cell_id": "qwen3_1_7b__grpo__search_qa__s42"
}