{
  "status": "ok",
  "metric": 0.05211247086247086,
  "reward_mean": 0.05211247086247086,
  "gate_mean": 0.9999999988824129,
  "gate_active": 0.9999999988824129,
  "zero_shot_f1": 0.06921722950684481,
  "steps_run": 150,
  "wall_time_s": 539.2502822875977,
  "cell_id": "qwen3_1_7b__grpo_opsd__search_qa__s42"
}