{
  "status": "ok",
  "metric": 0.06542681719152307,
  "reward_mean": 0.06542681719152307,
  "gate_mean": 0.0,
  "gate_active": 0.0,
  "zero_shot_f1": 0.020501710241266548,
  "steps_run": 150,
  "wall_time_s": 428.6861891746521,
  "cell_id": "qwen3_1_7b__grpo__search_qa__s42"
}