{"step": [0, 1, 2, 3, 4, 5, 6, 7, 8, 9, 10, 11, 12, 13, 14, 15, 16, 17, 18, 19, 20, 21, 22, 23, 24, 25, 26, 27, 28, 29, 30, 31, 32, 33, 34, 35, 36, 37, 38, 39, 40, 41, 42, 43, 44, 45, 46, 47, 48, 49, 50, 51, 52, 53, 54, 55, 56, 57, 58, 59, 60, 61, 62, 63, 64, 65, 66, 67, 68, 69, 70, 71, 72, 73, 74, 75, 76, 77, 78, 79, 80, 81, 82, 83, 84, 85, 86, 87, 88, 89, 90, 91, 92, 93, 94, 95, 96, 97, 98, 99, 100, 101, 102, 103, 104, 105, 106, 107, 108, 109, 110, 111, 112, 113, 114, 115, 116, 117, 118, 119, 120, 121, 122, 123, 124, 125, 126, 127, 128, 129, 130, 131, 132, 133, 134, 135, 136, 137, 138, 139, 140, 141, 142, 143, 144, 145, 146, 147, 148, 149], "loss": [0.0, 1.6354024410247803e-06, 0.0, 0.0, 0.0, 0.0, -2.9802322387695312e-08, 3.040622686967254e-08, 0.0, 3.725290298461914e-09, 3.725290298461914e-08, 0.0, 7.078051567077637e-08, 0.0, 0.0, 3.3527612686157227e-08, 0.0, 0.0, 1.862645149230957e-08, -3.725290298461914e-09, 0.0, -4.470348358154297e-07, 4.470348358154297e-08, 2.60770320892334e-08, 5.681067705154419e-08, 0.0, -1.4901161193847656e-08, -2.2118911147117615e-07, 0.0, 1.1629890650510788e-07, 0.0, 9.313225746154785e-09, 1.043081283569336e-07, 0.0, 0.0, 8.940696716308594e-08, 0.0, 0.0, 2.9802322387695312e-08, 9.313225746154785e-10, 0.0, 0.0, 0.0, 0.0, 1.1175870895385742e-08, 0.0, 0.0, 0.0, 0.0, -2.9802322387695312e-08, -1.862645149230957e-09, 0.0, -1.4901161193847656e-08, 0.0, -2.60770320892334e-08, 0.0, 0.0, -9.96515154838562e-08, 0.0, -2.2351741790771484e-08, -1.7881393432617188e-07, -1.4901161193847656e-08, -2.60770320892334e-08, -2.60770320892334e-08, 0.0, 0.0, -7.450580596923828e-09, -2.60770320892334e-08, 0.0, -7.450580596923828e-09, 0.0, 6.705522537231445e-08, 0.0, 0.0, 0.0, 0.0, 0.0, 3.3527612686157227e-08, 9.406358003616333e-08, -4.307366907596588e-08, 7.450580596923828e-09, 0.0, -2.60770320892334e-08, 5.21540641784668e-08, 0.0, 2.323649823665619e-07, 0.0, 0.0, 0.0, 0.0, 0.0, 0.0, 2.2351741790771484e-08, -4.246830940246582e-07, 0.0, 4.1676685214042664e-08, 0.0, -9.406358003616333e-08, 0.0, 1.2293457984924316e-07, 0.0, 0.0, -3.5390257835388184e-08, 0.0, 5.960464477539063e-08, 0.0, 0.0, 0.0, 0.0, 0.0, 0.0, 0.0, 0.0, 0.0, 4.842877388000488e-08, -2.9802322387695312e-08, -1.862645149230957e-08, 0.0, 0.0, 0.0, 1.7881393432617188e-07, 7.520429790019989e-08, 0.0, 1.5348196029663086e-06, 0.0, 2.514570951461792e-08, 0.0, -6.332993507385254e-08, 1.4901161193847656e-08, 0.0, -7.82310962677002e-08, 0.0, 0.0, 0.0, 7.450580596923828e-08, -3.46451997756958e-07, 0.0, 0.0, -4.470348358154297e-08, 0.0, 0.0, -3.725290298461914e-08, 2.868473529815674e-07, 0.0, 0.0, 0.0, 0.0, 0.0, 7.450580596923828e-08, -2.60770320892334e-08], "grpo_loss": [0.0, 1.6354024410247803e-06, 0.0, 0.0, 0.0, 0.0, -2.9802322387695312e-08, 3.040622686967254e-08, 0.0, 3.725290298461914e-09, 3.725290298461914e-08, 0.0, 7.078051567077637e-08, 0.0, 0.0, 3.3527612686157227e-08, 0.0, 0.0, 1.862645149230957e-08, -3.725290298461914e-09, 0.0, -4.470348358154297e-07, 4.470348358154297e-08, 2.60770320892334e-08, 5.681067705154419e-08, 0.0, -1.4901161193847656e-08, -2.2118911147117615e-07, 0.0, 1.1629890650510788e-07, 0.0, 9.313225746154785e-09, 1.043081283569336e-07, 0.0, 0.0, 8.940696716308594e-08, 0.0, 0.0, 2.9802322387695312e-08, 9.313225746154785e-10, 0.0, 0.0, 0.0, 0.0, 1.1175870895385742e-08, 0.0, 0.0, 0.0, 0.0, -2.9802322387695312e-08, -1.862645149230957e-09, 0.0, -1.4901161193847656e-08, 0.0, -2.60770320892334e-08, 0.0, 0.0, -9.96515154838562e-08, 0.0, -2.2351741790771484e-08, -1.7881393432617188e-07, -1.4901161193847656e-08, -2.60770320892334e-08, -2.60770320892334e-08, 0.0, 0.0, -7.450580596923828e-09, -2.60770320892334e-08, 0.0, -7.450580596923828e-09, 0.0, 6.705522537231445e-08, 0.0, 0.0, 0.0, 0.0, 0.0, 3.3527612686157227e-08, 9.406358003616333e-08, -4.307366907596588e-08, 7.450580596923828e-09, 0.0, -2.60770320892334e-08, 5.21540641784668e-08, 0.0, 2.323649823665619e-07, 0.0, 0.0, 0.0, 0.0, 0.0, 0.0, 2.2351741790771484e-08, -4.246830940246582e-07, 0.0, 4.1676685214042664e-08, 0.0, -9.406358003616333e-08, 0.0, 1.2293457984924316e-07, 0.0, 0.0, -3.5390257835388184e-08, 0.0, 5.960464477539063e-08, 0.0, 0.0, 0.0, 0.0, 0.0, 0.0, 0.0, 0.0, 0.0, 4.842877388000488e-08, -2.9802322387695312e-08, -1.862645149230957e-08, 0.0, 0.0, 0.0, 1.7881393432617188e-07, 7.520429790019989e-08, 0.0, 1.5348196029663086e-06, 0.0, 2.514570951461792e-08, 0.0, -6.332993507385254e-08, 1.4901161193847656e-08, 0.0, -7.82310962677002e-08, 0.0, 0.0, 0.0, 7.450580596923828e-08, -3.46451997756958e-07, 0.0, 0.0, -4.470348358154297e-08, 0.0, 0.0, -3.725290298461914e-08, 2.868473529815674e-07, 0.0, 0.0, 0.0, 0.0, 0.0, 7.450580596923828e-08, -2.60770320892334e-08], "opsd_loss": [0.0, 0.0, 0.0, 0.0, 0.0, 0.0, 0.0, 0.0, 0.0, 0.0, 0.0, 0.0, 0.0, 0.0, 0.0, 0.0, 0.0, 0.0, 0.0, 0.0, 0.0, 0.0, 0.0, 0.0, 0.0, 0.0, 0.0, 0.0, 0.0, 0.0, 0.0, 0.0, 0.0, 0.0, 0.0, 0.0, 0.0, 0.0, 0.0, 0.0, 0.0, 0.0, 0.0, 0.0, 0.0, 0.0, 0.0, 0.0, 0.0, 0.0, 0.0, 0.0, 0.0, 0.0, 0.0, 0.0, 0.0, 0.0, 0.0, 0.0, 0.0, 0.0, 0.0, 0.0, 0.0, 0.0, 0.0, 0.0, 0.0, 0.0, 0.0, 0.0, 0.0, 0.0, 0.0, 0.0, 0.0, 0.0, 0.0, 0.0, 0.0, 0.0, 0.0, 0.0, 0.0, 0.0, 0.0, 0.0, 0.0, 0.0, 0.0, 0.0, 0.0, 0.0, 0.0, 0.0, 0.0, 0.0, 0.0, 0.0, 0.0, 0.0, 0.0, 0.0, 0.0, 0.0, 0.0, 0.0, 0.0, 0.0, 0.0, 0.0, 0.0, 0.0, 0.0, 0.0, 0.0, 0.0, 0.0, 0.0, 0.0, 0.0, 0.0, 0.0, 0.0, 0.0, 0.0, 0.0, 0.0, 0.0, 0.0, 0.0, 0.0, 0.0, 0.0, 0.0, 0.0, 0.0, 0.0, 0.0, 0.0, 0.0, 0.0, 0.0, 0.0, 0.0, 0.0, 0.0, 0.0, 0.0], "reward": [0.0, 0.17136034255599475, 0.0, 0.0, 0.0, 0.03571428571428571, 0.21428571428571427, 0.05484240385105561, 0.0, 0.00925925925925926, 0.0320054945054945, 0.0, 0.17681700593085828, 0.0, 0.0, 0.011363636363636364, 0.0, 0.0, 0.04512987012987013, 0.11524470899470901, 0.0, 0.18636363636363637, 0.024893162393162395, 0.01785714285714286, 0.08520662564900316, 0.0, 0.03571428571428571, 0.13565705128205127, 0.15384615384615385, 0.06020302587438137, 0.037046783625730995, 0.21553884711779447, 0.29113553113553114, 0.0, 0.0, 0.6840277777777777, 0.0, 0.0, 0.125, 0.1470498294270232, 0.0, 0.109375, 0.0, 0.0, 0.875, 0.0, 0.25, 0.0, 0.0, 0.3582579185520362, 0.03193089430894309, 0.0, 0.006578947368421053, 0.0, 0.1011904761904762, 0.014705882352941176, 0.0, 0.05124517784417673, 0.0, 0.05482456140350877, 0.95, 0.01639784946236559, 0.013888888888888888, 0.011904761904761904, 0.5, 0.0, 0.04560619259633271, 0.01, 0.25, 0.041666666666666664, 0.0, 0.07139849170026516, 0.0, 0.0, 1.0, 0.0, 0.0, 0.15, 0.1779430339775167, 0.16746794871794873, 0.4375, 0.0, 0.013888888888888888, 0.09823232323232323, 0.75, 0.06280274396083219, 0.0, 0.0, 0.0, 0.0, 0.0, 0.0, 0.07440476190476192, 0.44232954545454545, 0.0, 0.15510033444816054, 0.0, 0.1985380116959064, 0.0, 0.0819034090909091, 0.0, 0.0, 0.12904500977576633, 0.0, 0.18588977146042363, 0.16666666666666669, 0.0, 0.0, 0.0, 0.0, 0.0, 0.06756965944272446, 0.0, 0.19999999999999998, 0.08576839826839827, 0.025, 0.10894103376610736, 0.0, 0.0, 0.023809523809523808, 0.337285141329259, 0.0991260345524693, 0.0, 0.13690476190476192, 0.0, 0.15744047619047621, 0.0, 0.3614759466539652, 0.14615669768190243, 0.0125, 0.2353346681922197, 0.0, 0.0, 0.0, 0.046296296296296294, 0.07185535648237261, 0.0, 0.125, 0.22083333333333333, 0.0, 0.0, 0.09068854995579134, 0.2414772727272727, 0.0, 0.19999999999999998, 0.0, 0.0, 0.33333333333333337, 0.06944444444444445, 0.013888888888888888],