{
  "status": "ok",
  "metric": 0.08240760718269763,
  "reward_mean": 0.08240760718269763,
  "gate_mean": 0.0,
  "gate_active": 0.0,
  "delta_t_mean": 0.0,
  "opsd_loss_mean": 0.0,
  "zero_shot_f1": 0.016162660887838194,
  "steps_run": 150,
  "wall_time_s": 887.734395980835,
  "cell_id": "qwen2_5_3b__grpo__search_qa__s42"
}