{
  "status": "ok",
  "metric": 0.06972466768685256,
  "reward_mean": 0.06972466768685256,
  "gate_mean": 0.0,
  "gate_active": 0.0,
  "zero_shot_f1": 0.047620946305156835,
  "steps_run": 150,
  "wall_time_s": 456.74253845214844,
  "cell_id": "qwen2_5_3b__grpo__search_qa__s42"
}