{
  "status": "ok",
  "cell_id": "c_allcnn_aug_cifar10",
  "letter": "C",
  "variant": "allcnn",
  "dataset": "cifar10",
  "augment": true,
  "lr": 0.05,
  "best_lr": 0.05,
  "epochs_total": 350,
  "epochs_run": 350,
  "metric": 0.8416,
  "test_error_pct": 15.839999999999998,
  "test_accuracy": 0.8416,
  "accuracy": 0.8416,
  "final_train_loss": 0.5586859043449393,
  "train_loss_history": [
    1.9690282178656828,
    1.6224420084367932,
    1.455341049624831,
    1.348057557249923,
    1.2847922528948625,
    1.247902607064113,
    1.2142309621167,
    1.1791777644315948,
    1.1571109158456172,
    1.1359526462414686,
    1.1358425941918513,
    1.1214356038271618,
    1.1056744061467592,
    1.0979243318747987,
    1.0888571241475127,
    1.080044934359353,
    1.0817324086223417,
    1.0649884172412745,
    1.069670513996383,
    1.0660597412939876,
    1.0529362157635067,
    1.051316197723379,
    1.0444288006066667,
    1.0375670840978013,
    1.0383140357101666,
    1.0463082970255781,
    1.0295144795151927,
    1.0312915966486382,
    1.0285015592489706,
    1.0279859549096784,
    1.0301584912383037,
    1.0261757172586974,
    1.0085585814760165,
    1.01658514690826,
    1.0224011028209306,
    1.0044812329894746,
    1.0173965331995884,
    1.0114390385120422,
    1.0134175563864696,
    1.0179984074876742,
    1.0159504719250037,
    1.011598501516425,
    1.0013052948448053,
    1.0017890373001928,
    0.9950789797793874,
    0.9986083284210976,
    0.9991403680170894,
    1.0063948274573402,
    1.0039474187452164,
    0.9921835388826288,
    0.9940282257316667,
    1.0018087498977055,
    1.002594638129939,
    0.9995311436140933,
    0.9986869816280082,
    0.993354507190797,
    1.0051928967466135,
    0.9978149270310122,
    0.9968086233376847,
    1.0011828953347852,
    0.9879473453897345,
    0.9858892561529603,
    0.9881348143453184,
    0.9862135042772269,
    0.9770571118425531,
    0.9801635364894672,
    0.9778802770635356,
    0.9761231205499995,
    0.97770586373556,
    0.9692140578308983,
    0.9656464081743489,
    0.9637777832767848,
    0.9692227887680464,
    0.9604328911170326,
    0.9501008363178624,
    0.9485963312408808,
    0.9442413365444564,
    0.9449679918606263,
    0.9368692434504818,
    0.9375112230515541,
    0.9367116019701409,
    0.9335343054950694,
    0.9369805680821314,
    0.9238792145648576,
    0.9269442884132381,
    0.9215731354015867,
    0.9161179234152255,
    0.9212327597238829,
    0.9076101859207348,
    0.9020642994919701,
    0.9106884319763964,
    0.9002625875918152,
    0.8955842819055329,
    0.8931334289291021,
    0.8946587974610536,
    0.8820333082962524,
    0.8902960785514559,
    0.8839029519606734,
    0.8847908740458281,
    0.8783062442641734,
    0.8770548817904099,
    0.878380228643832,
    0.8798486205470532,
    0.8766598088662033,
    0.8676303898739388,
    0.8748409139073413,
    0.8661733179750954,
    0.8606401066036176,
    0.8560042440738824,
    0.8587777472822867,
    0.8573881386186156,
    0.8525382318079014,
    0.849326020845062,
    0.8522299332996769,
    0.8442219808278486,
    0.8434675521862781,
    0.8468404876835206,
    0.8440076033477588,
    0.8447561091779138,
    0.8535458822841839,
    0.8374832125423509,
    0.846205388188667,
    0.8307595354364351,
    0.8433876956057975,
    0.8325475814854703,
    0.8330827396544044,
    0.824942744982517,
    0.8247618259066511,
    0.835279336823222,
    0.8323197161297664,
    0.8322356318878701,
    0.8235045407739137,
    0.8202562284134233,
    0.8232543373199375,
    0.8294954536973363,
    0.8176739143441095,
    0.8159618043076352,
    0.8145729414642314,
    0.8163740261436423,
    0.8079455288703484,
    0.8127737318158454,
    0.8135541633266927,
    0.8187611540565101,
    0.8123778201582487,
    0.8154359440821821,
    0.8107807921326678,
    0.8104837010126285,
    0.8012267188800265,
    0.8121578948348379,
    0.8127774195293026,
    0.8066324997893379,
    0.7980212947291792,
    0.8059357941684211,
    0.7962114188219885,
    0.8117709579065328,
    0.799430279704311,
    0.803385878310484,
    0.8002900364606277,
    0.795390653564497,
    0.7993077801926362,
    0.7853917356418527,
    0.7990184236899056,
    0.7916210172197703,
    0.7916341337858869,
    0.8051241543286901,
    0.7872390804998101,
    0.7871155256353071,
    0.8010568434320142,
    0.7928003301019864,
    0.7902621172959238,
    0.7923706564147149,
    0.7840785229068887,
    0.7821550907381355,
    0.7872819829627377,
    0.792925797536245,
    0.782807351111451,
    0.776901952407854,
    0.789167972095787,
    0.7776380227045026,
    0.7896017753102286,
    0.7815043811907854,
    0.7840659042910847,
    0.7759988801863492,
    0.7751367682462458,
    0.7816858550395502,
    0.77678760756617,
    0.778995350651119,
    0.7785165673479095,
    0.7785345937513635,
    0.7776993683460728,
    0.7697009747976538,
    0.7779752047699126,
    0.7775243204420484,
    0.7801801937696574,
    0.7704956812779312,
    0.7622845192318377,
    0.7704452865797541,
    0.7671836632901751,
    0.7652486974321058,
    0.7692757512983459,
    0.5892353323490723,
    0.5687610664788414,
    0.5633481349176763,
    0.5635419396488258,
    0.5612352956134035,
    0.5619094508611943,
    0.5612943740680699,
    0.5633397920204856,
    0.5641382373202487,
    0.5629390103509054,
    0.5664393093503649,
    0.5687063956428366,
    0.5690720004727469,
    0.5739810865401002,
    0.5745895633764584,
    0.5718509192814303,
    0.5720402208130683,
    0.5771461262574891,
    0.5763671108905006,
    0.5780823317253986,
    0.5799532515923386,
    0.5801620104581194,
    0.5835497031355148,
    0.584351030228388,
    0.5849606424874967,
    0.5853050912508879,
    0.5850941216777963,
    0.5876577679077377,
    0.5915127711756455,
    0.5916026516262528,
    0.594044503577225,
    0.5938925345611694,
    0.5955445224519276,
    0.595765429270237,
    0.6008329065635686,
    0.5973381919171804,
    0.6013585532184147,
    0.5988116289115013,
    0.6043382369343887,
    0.6074718452628006,
    0.6081867739367668,
    0.6062299361847856,
    0.6028484803102815,
    0.6091866772955336,
    0.609538499199216,
    0.6063803488107593,
    0.6089944586424572,
    0.6127147330423756,
    0.6110397150068332,
    0.6112574943343697,
    0.5672477269187912,
    0.5663435881018943,
    0.56052910523189,
    0.5595744271260088,
    0.5601385530379727,
    0.5590749754548987,
    0.5585961050313452,
    0.5570237177717107,
    0.5572564483374891,
    0.5586426334307931,
    0.5598409180827153,
    0.5587555830131101,
    0.559769336448606,
    0.5594037106960935,
    0.5586129456682278,
    0.5556896666965216,
    0.5593379921925342,
    0.5575274133773716,
    0.5591210640985947,
    0.5611024738272743,
    0.5596939049413442,
    0.5583257552836557,
    0.5599319395964103,
    0.5587076585158668,
    0.5580704696190631,
    0.559703437225593,
    0.5594104080248976,
    0.5600640394574846,
    0.5618794226204343,
    0.5585815301331718,
    0.5585141609925444,
    0.560270905990125,
    0.5583861285387097,
    0.5634885303428411,
    0.5603005250777735,
    0.560441659158453,
    0.5621525513013,
    0.5626721908445553,
    0.5631179659415388,
    0.5599739365565503,
    0.5627362241449259,
    0.5610910451701839,
    0.5603175966254891,
    0.5634029629971365,
    0.5625700898411329,
    0.5622794422728327,
    0.5632424422008607,
    0.5639557850254161,
    0.5640712699012074,
    0.5666098771878826,
    0.5556939871948393,
    0.5577922836898843,
    0.5577119489383819,
    0.5560708996432516,
    0.5570499361933344,
    0.5567361585548162,
    0.5577287957110368,
    0.5557775043922922,
    0.5572940158798262,
    0.5553021248420487,
    0.5577028722256956,
    0.5575153582998554,
    0.5534674191413937,
    0.5554976092503808,
    0.5561447196147021,
    0.556151451319075,
    0.5577546034170233,
    0.5565631058057556,
