{
  "status": "ok",
  "metric": 0.036492223176849595,
  "reward_mean": 0.036492223176849595,
  "gate_mean": 0.3772107161581516,
  "gate_active": 0.2288866893388331,
  "delta_t_mean": -0.20899629080595897,
  "opsd_loss_mean": 0.0953440714685712,
  "zero_shot_f1": 0.06648505603985057,
  "steps_run": 150,
  "wall_time_s": 907.2293207645416,
  "cell_id": "qwen3_1_7b__sdar__search_qa__s42"
}