{
  "status": "ok",
  "metric": 0.016715686274509804,
  "reward_mean": 0.016715686274509804,
  "gate_mean": 0.0,
  "gate_active": 0.0,
  "zero_shot_f1": 0.04807605545441904,
  "steps_run": 150,
  "wall_time_s": 446.7574315071106,
  "cell_id": "qwen3_1_7b__grpo__search_qa__s42"
}