{
  "status": "ok",
  "metric": 0.05080504068799994,
  "reward_mean": 0.05080504068799994,
  "gate_mean": 0.0,
  "gate_active": 0.0,
  "delta_t_mean": 0.0,
  "opsd_loss_mean": 0.0,
  "zero_shot_f1": 0.02760092232538469,
  "steps_run": 150,
  "wall_time_s": 825.9910471439362,
  "cell_id": "qwen3_1_7b__grpo__search_qa__s42"
}