{
  "status": "ok",
  "cell_id": "a_convpool_noaug_cifar10",
  "letter": "A",
  "variant": "convpool",
  "dataset": "cifar10",
  "augment": false,
  "lr": 0.05,
  "best_lr": 0.05,
  "epochs_total": 350,
  "epochs_run": 350,
  "metric": 0.8883,
  "test_error_pct": 11.170000000000002,
  "test_accuracy": 0.8883,
  "accuracy": 0.8883,
  "final_train_loss": 0.2514823161237075,
  "train_loss_history": [
    2.029924203062911,
    1.5194123715086056,
    1.3015833100699403,
    1.1433363293138001,
    1.0480916972660348,
    0.9819290881876446,
    0.9209288837354811,
    0.8834646655165631,
    0.8551670271722253,
    0.825646083373243,
    0.8038849382449293,
    0.7813375023624781,
    0.7633566429547947,
    0.7368430594349151,
    0.7277856277078009,
    0.7081495438085492,
    0.6966908209006805,
    0.6870317292182951,
    0.6743016319963938,
    0.6673678025565184,
    0.6536410782495727,
    0.6418452422942043,
    0.6395647275783217,
    0.6303159573956219,
    0.6268152161632352,
    0.6267497638607269,
    0.6164799828815948,
    0.5977857516092413,
    0.6025105591320321,
    0.6050116353480103,
    0.5958425763165555,
    0.5963200706502666,
    0.5892920156421564,
    0.5833469690264338,
    0.5805584517738703,
    0.5795562566088899,
    0.565835085747492,
    0.5660786340608621,
    0.5624954426075186,
    0.5664576006210064,
    0.5602889309453842,
    0.555456349992996,
    0.5581528972786711,
    0.5576911579312571,
    0.5435892133151784,
    0.5526304389052379,
    0.5414809387968019,
    0.5410358251055793,
    0.5366469345739125,
    0.5449958798068258,
    0.5442824696031068,
    0.5392400610172535,
    0.5413393428563462,
    0.541391328320174,
    0.531995307072959,
    0.5249534387265324,
    0.5394581923704318,
    0.5290364603252362,
    0.5284144132948287,
    0.529598710405857,
    0.5295333384400438,
    0.5163399948335975,
    0.5260520487490212,
    0.5279246626607598,
    0.5284836225954773,
    0.5275131215524795,
    0.5186985137365053,
    0.5220739089924357,
    0.518587652832041,
    0.5215842016517659,
    0.5192882474273672,
    0.5188327572687202,
    0.5237528508733911,
    0.5067071755371435,
    0.5151342804474599,
    0.5104162712841083,
    0.5139267898124197,
    0.5082773948874315,
    0.5079516688423693,
    0.5143653414286006,
    0.5109585600588328,
    0.5059255192727994,
    0.5101043319763126,
    0.5064515346456366,
    0.5072912071519495,
    0.5057373277823943,
    0.5066216168043863,
    0.5103086536497716,
    0.5095489180606344,
    0.505769256359476,
    0.5073266385308922,
    0.50941235947487,
    0.5128989637355366,
    0.5057177258574445,
    0.4999335837333708,
    0.5039479509186562,
    0.5014125101859003,
    0.49953588408887234,
    0.5019799527304861,
    0.5046108692808224,
    0.4951245957399573,
    0.5024272785009936,
    0.4992845650676571,
    0.5133937528676085,
    0.506165221066731,
    0.49883106510962366,
    0.49559516743625825,
    0.49732424124427466,
    0.5001776566743241,
    0.5006084523694899,
    0.4952239095402496,
    0.4948184307274001,
    0.4891458172017656,
    0.49808526526936486,
    0.4973108641936651,
    0.4979571953149098,
    0.49438322474584556,
    0.49561514634915327,
    0.4944957308757031,
    0.49823503070475195,
    0.49560018779371706,
    0.5047320503255596,
    0.49065311676096124,
    0.499665753349014,
    0.4985320612292765,
    0.4884300530719025,
    0.49403087181203503,
    0.4945348180315988,
    0.4945649181485481,
    0.49400003624084354,
    0.4884604779274567,
    0.48784867775104845,
    0.49344064969845747,
    0.4963665232633996,
    0.49095524622656195,
    0.48549910983466127,
    0.4929799804144808,
    0.4937495647184074,
    0.49149699391001633,
    0.49030738154335707,
    0.49907346530948454,
    0.4887192375062372,
    0.4904531681781535,
    0.4953197554859054,
    0.4901724743568684,
    0.48635782785427845,
    0.4942841353013997,
    0.49531004373984566,
    0.4902428992264106,
    0.4855500579337635,
    0.4973366985388119,
    0.49595231724822003,
    0.49606844615143586,
    0.49818647144090794,
    0.49028044298786644,
    0.49050131966085997,
    0.48264262804289915,
    0.4869902018848283,
    0.49291526707237027,
    0.4928287813425674,
    0.4844770482586473,
    0.484766204415075,
    0.4870985093171639,
    0.485898502113874,
    0.4907592869628116,
    0.4844588622870043,
    0.48186768336064373,
    0.48499359156164673,
    0.4900174812435189,
    0.4910778886521869,
    0.4880752404175146,
    0.48884066527761766,
    0.49053371943476254,
    0.4839426800418083,
    0.48350461372329145,
    0.48491005157418265,
    0.4871403581803412,
    0.48310062636042495,
    0.47575878578683606,
    0.4869728384115507,
    0.4858716258307552,
    0.484954060114863,
    0.4901559905475363,
    0.47983033684513454,
    0.482391231962482,
    0.4774914062236581,
    0.4872109400265662,
    0.4896499633484179,
    0.48046142739408154,
    0.48169585117293745,
    0.4793615334326654,
    0.4909061260159363,
    0.49481931626034514,
    0.4814418948367429,
    0.4867932932913456,
    0.4918532288821457,
    0.4855670981547412,
    0.4891289945910959,
    0.4808805201517042,
    0.4830729409175761,
    0.3424385615321986,
    0.319998326585116,
    0.3127401693702659,
    0.30342263272961084,
    0.29968284687880054,
    0.2978428942163277,
    0.2959314466208753,
    0.29172503105972125,
    0.29093286059701534,
    0.2894046350055948,
    0.28889738850276486,
    0.286790064914757,
    0.2847837075934081,
    0.28665829844334545,
    0.2845156639433273,
    0.2866225858288043,
    0.28080911614248516,
    0.28673204217496734,
    0.28010426292105406,
    0.28052730606797405,
    0.2821393841139191,
    0.2829119993368988,
    0.2831559899213064,
    0.2831745242218837,
    0.28431619135924924,
    0.2814365917688136,
    0.28591343333654085,
    0.28316562944818335,
    0.2816867098174132,
    0.2851395175203948,
    0.28421462957968796,
    0.2873351862058615,
    0.2889592115531492,
    0.28909525770665434,
    0.29063099268299847,
    0.29010031050275964,
    0.28830856866086535,
    0.2878472476892764,
    0.288812039034141,
    0.28752981229206487,
    0.28832853473056,
    0.2899665676266946,
    0.28932822135555775,
    0.29376341048104077,
    0.29205165262264976,
    0.2893247235461574,
    0.29309709755051166,
    0.2908705205792356,
    0.291463710996501,
    0.29184786925840256,
    0.2639365956530242,
    0.26323883445061685,
    0.2615862971224138,
    0.25957519174231897,
    0.25808013565933613,
    0.25925469596672546,
    0.25765861155431896,
    0.2586167441380908,
    0.25806754667435766,
    0.25837499383465407,
    0.2583544803092547,
    0.25559008597870314,
    0.25876741766777184,
    0.2590269440084772,
    0.2571094229703059,
    0.25947203336621794,
    0.25482741756664823,
    0.25677693781950284,
    0.25629893261605824,
    0.25712822114720063,
    0.2566235853201898,
    0.2552392309355309,
    0.2573177766845659,
    0.2581411657659599,
    0.2571903072735843,
    0.2577096569301832,
    0.256791747744431,
    0.25582558179602904,
    0.25544717153319924,
    0.2567048866273192,
    0.2542673548697815,
    0.2556249724934473,
    0.25566762834406265,
    0.259566349637173,
    0.2565785010566797,
    0.2573937032457508,
    0.2550207842189028,
    0.2555331169720501,
    0.25470552237137506,
    0.25607105072044656,
    0.2558637423740933,
    0.2537446319294708,
    0.2555612142357375,
    0.25807793381269023,
    0.2590944011650427,
    0.25868941302342185,
    0.2571040134676887,
    0.257129785769126,
    0.2567030425800387,
    0.2577127512649197,
    0.2527749944678353,
    0.24993704263206637,
    0.25451046598079563,
    0.2496106015980396,
    0.25229156848109896,
    0.2508581191148904,
    0.25147791681311016,
    0.25015490263929147,
    0.2533888651815522,
    0.25065405163771054,
    0.24979748098594148,
    0.25293310344828973,
    0.2507397282840041,
