{
  "status": "complete",
  "per_model": {
    "qwen3_1_7b": {
      "search_qa": {
        "sdar": {
          "status": "ok",
          "metric": 0.07114168786647276,
          "reward_mean": 0.07114168786647276,
          "gate_mean": 0.4184008153155446,
          "gate_active": 0.39889968945644794,
          "zero_shot_f1": 0.04531709123960356,
          "steps_run": 150,
          "wall_time_s": 930.050393819809,
          "cell_id": "qwen3_1_7b__sdar__search_qa__s42"
        },
        "grpo": {
          "status": "ok",
          "metric": 0.03736891638538318,
          "reward_mean": 0.03736891638538318,
          "gate_mean": 0.0,
          "gate_active": 0.0,
          "zero_shot_f1": 0.062195737653062536,
          "steps_run": 150,
          "wall_time_s": 798.2614431381226,
          "cell_id": "qwen3_1_7b__grpo__search_qa__s42"
        },
        "grpo_opsd": {
          "status": "ok",
          "metric": 0.195625,
          "reward_mean": 0.195625,
          "gate_mean": 0.999999999254942,
          "gate_active": 0.999999999254942,
          "zero_shot_f1": 0.01804228380315337,
          "steps_run": 150,
          "wall_time_s": 657.8919808864594,
          "cell_id": "qwen3_1_7b__grpo_opsd__search_qa__s42"
        }
      }
    },
    "qwen2_5_3b": {
      "search_qa": {
        "grpo": {
          "status": "ok",
          "metric": 0.03873385114217889,
          "reward_mean": 0.03873385114217889,
          "gate_mean": 0.0,
          "gate_active": 0.0,
          "zero_shot_f1": 0.09303828355552493,
          "steps_run": 150,
          "wall_time_s": 858.0546798706055,
          "cell_id": "qwen2_5_3b__grpo__search_qa__s42"
        }
      }
    }
  },
  "scope": {
    "models_run": [
      "qwen2_5_3b",
      "qwen3_1_7b"
    ],
    "models_skipped": [],
    "environments_skipped": [],
    "gaps": []
  }
}