{
  "status": "ok",
  "cell_id": "a_base_noaug_cifar10",
  "letter": "A",
  "variant": "base",
  "dataset": "cifar10",
  "augment": false,
  "lr": 0.05,
  "best_lr": 0.05,
  "epochs_total": 350,
  "epochs_run": 350,
  "metric": 0.8439,
  "test_error_pct": 15.610000000000001,
  "test_accuracy": 0.8439,
  "accuracy": 0.8439,
  "final_train_loss": 0.4845465799731672,
  "train_loss_history": [
    1.9355319043254609,
    1.4066963467146734,
    1.2410629684357997,
    1.1426016642614398,
    1.08181900822598,
    1.0314541410302263,
    0.9991406281585888,
    0.960170747983791,
    0.9318927508181013,
    0.9115690073698682,
    0.8930231486744893,
    0.8731319736641692,
    0.8547801863202049,
    0.8451722678930863,
    0.8406628394675681,
    0.825958682448053,
    0.8208880791883639,
    0.8109151513680167,
    0.797311884058101,
    0.8008671936476627,
    0.7900391468001754,
    0.7804892595161868,
    0.7821172018490179,
    0.7768892115339294,
    0.7698569143062357,
    0.7674716239999932,
    0.7625108208802654,
    0.7596625119371487,
    0.756665122630956,
    0.757796335327046,
    0.7533522045520871,
    0.7480663469685312,
    0.7397366344471417,
    0.7438248314363572,
    0.7371276530158489,
    0.7359110995784135,
    0.7519902242419055,
    0.7273161375461636,
    0.729378639965716,
    0.7342202843302656,
    0.7299316780036672,
    0.7250108327097295,
    0.7269540387956078,
    0.7238548154111408,
    0.7249444813069785,
    0.7244239104220934,
    0.7214398643244868,
    0.714305181789886,
    0.717458429010323,
    0.7124900314051782,
    0.7180226439862605,
    0.717945670685195,
    0.707741029655842,
    0.7165249041126817,
    0.7162054373937494,
    0.7029324643447271,
    0.7061377436761052,
    0.7072510024165863,
    0.711147226412278,
    0.706787050532563,
    0.7107952096882988,
    0.7030218842694217,
    0.7046081371167127,
    0.7055459335789351,
    0.7076752001367261,
    0.6940745573367,
    0.6941806890470598,
    0.7061394897415815,
    0.708431922718692,
    0.7029752605558967,
    0.7026461057193444,
    0.7065426057866772,
    0.6994647177131584,
    0.6972551112589629,
    0.6940924564895727,
    0.6964025041636299,
    0.6999131844324225,
    0.7018624531186145,
    0.6926694894233323,
    0.7026377147268457,
    0.6918606345763292,
    0.6892846941643054,
    0.6964644735578991,
    0.6904291050208499,
    0.6988464281382158,
    0.6990500460652744,
    0.6911561838958574,
    0.6989445857074864,
    0.7010154551862146,
    0.6991779729533378,
    0.6933617025537564,
    0.6922676839182139,
    0.6943276581709342,
    0.6886777640761012,
    0.6930679217019045,
    0.6917781358789605,
    0.6806947768039411,
    0.6907763850048679,
    0.6912801925026243,
    0.6889139507585169,
    0.6872380537450161,
    0.6898001412601422,
    0.6850830633621996,
    0.6863774483466087,
    0.6815745713155897,
    0.681388291861395,
    0.6903983843143638,
    0.6813132724798548,
    0.6927311119368619,
    0.6777613586781884,
    0.6879404747425137,
    0.6818710173030034,
    0.687479314139432,
    0.6833617632346385,
    0.6884043888972543,
    0.6832094148296834,
    0.6907756311814194,
    0.6836588726476636,
    0.6878231079377177,
    0.6730591385718196,
    0.6824073893639743,
    0.6858955316074059,
    0.6986026296682675,
    0.689946885608956,
    0.6770770089400698,
    0.6865229124150922,
    0.6835498002636463,
    0.682745874614057,
    0.7007731437835547,
    0.6880671423109596,
    0.6771478062243108,
    0.685994883632416,
    0.6847587142454084,
    0.6817528856989673,
    0.6785767820027783,
    0.6900086039319977,
    0.6695179119134498,
    0.6924561634088111,
    0.6782547621928212,
    0.6784599745060171,
    0.6828573204367362,
    0.6773957370034874,
    0.6814037545410263,
    0.6910650312443218,
    0.6832897820893455,
    0.6812751793952854,
    0.6822690685539294,
    0.6777118893383104,
    0.6886729582038986,
    0.6799805156715081,
    0.6843553385923585,
    0.6796136897848085,
    0.681997363753331,
    0.6833826093874928,
    0.6823436319065825,
    0.6834980651088383,
    0.6904387048748143,
    0.6765155449242848,
    0.6817538324371933,
    0.6823642007682634,
    0.6748513002377337,
    0.676206666490306,
    0.674327060618364,
    0.680070029652637,
    0.6782348175030535,
    0.6788315855328689,
    0.6859381897827549,
    0.6809109063709483,
    0.6725351052058627,
    0.6781521942609411,
    0.6737637497732402,
    0.6738450096543792,
    0.6734584611090247,
    0.6737941524866596,
    0.6740861709617898,
    0.6809629221706439,
    0.6774169748548962,
    0.6702909089262833,
    0.6864735493269722,
    0.6727297977565805,
    0.6850550991799825,
    0.6773098622594038,
    0.6834222400737235,
    0.6641473879899515,
    0.6821345842402914,
    0.677387559124271,
    0.6802792049125027,
    0.6746610576844276,
    0.6711547763451285,
    0.6702751426593118,
    0.6794327163635312,
    0.6729829286980202,
    0.6746793335203625,
    0.6718078650476987,
    0.6702872328746045,
    0.6727400043279009,
    0.6676697920807793,
    0.6803252755680962,
    0.6782301393768672,
    0.6735841845307509,
    0.5583905441224423,
    0.5338098298558189,
    0.5314106557832654,
    0.5266882314553956,
    0.5239697134555759,
    0.5256760695858684,
    0.5187213532150249,
    0.5162408314550014,
    0.5138456025696776,
    0.516570243460443,
    0.5170805061717167,
    0.5123707475259786,
    0.5128176059107037,
    0.5176112149530054,
    0.512350849864428,
    0.5093651706605311,
    0.5125081252563944,
    0.5128103371166512,
    0.5123901365663085,
    0.5071839805301803,
    0.5141542844302819,
    0.5118764054287425,
    0.510640219882931,
    0.5099172316243886,
    0.5133852848159078,
    0.5142977177487005,
    0.5150648485821532,
    0.512048136623924,
    0.5114219805316242,
    0.5147298220783243,
    0.5148681756633017,
    0.5130515345527084,
    0.5153150404505717,
    0.5182645014484825,
    0.512334997620424,
    0.5133814579995392,
    0.5143416536128734,
    0.5129767436810466,
    0.5123914706585048,
    0.5159704368894972,
    0.519817727224906,
    0.5195757630840897,
    0.518064867886131,
    0.5153277545328945,
    0.5199598334634395,
    0.516715047152146,
    0.5194180540721435,
    0.5202197937861733,
    0.5185798038454617,
    0.5199709973676735,
    0.4984419101949238,
    0.4967448786853829,
    0.4936856342398602,
    0.49174791932715783,
    0.49093995740651475,
    0.49063661435376044,
    0.4934100469817286,
    0.4925736068459728,
    0.4947195141516683,
    0.4971554666528921,
    0.49253294138652287,
    0.49192436553938007,
    0.4928119084261872,
    0.49135470702824996,
    0.49196408540391556,
    0.4895141390735841,
    0.49341401777913807,
    0.49413209284662896,
    0.4915622946094064,
    0.4894167206933736,
    0.4945519163328059,
    0.4937078186008326,
    0.4920280837951719,
    0.49221949443182983,
    0.4923823852368328,
    0.4911204796770345,
    0.494855316627361,
    0.4895311090952295,
    0.4917786388903323,
    0.49244322900272086,
    0.49236430780357104,
    0.49099008750427714,
    0.49232001522617874,
    0.48921172019770687,
    0.48956866360381435,
    0.4920094051324498,
    0.4925404277146625,
    0.4903548979545798,
    0.487140807578021,
    0.4891685658251233,
    0.489045008064231,
    0.49031062191709535,
    0.48883106511877017,
    0.4902613998374061,
    0.4886377969056444,
    0.490440371929837,
    0.492081866773498,
    0.4914669709284897,
    0.4879631698893769,
    0.4918901895927956,
    0.48980028633876227,
    0.48690482463373247,
    0.48793420271800303,
    0.4873701013872386,
    0.4856103841606004,
    0.48936706484126313,
    0.48933039807602574,
    0.487758558576979,
    0.48675135723160357,
    0.4864702561627264,
    0.4892173309612762,
    0.488530840410296,
    0.4868390945065052,
    0.4908638191040215,
    0.48755778033105307,
    0.4887078335065671,
    0.48789577243273213,
