{
  "status": "ok",
  "cell_id": "a_allcnn_noaug_cifar10",
  "letter": "A",
  "variant": "allcnn",
  "dataset": "cifar10",
  "augment": false,
  "lr": 0.05,
  "best_lr": 0.05,
  "epochs_total": 350,
  "epochs_run": 350,
  "metric": 0.8643,
  "test_error_pct": 13.570000000000004,
  "test_accuracy": 0.8643,
  "accuracy": 0.8643,
  "final_train_loss": 0.37351924074275417,
  "train_loss_history": [
    2.003120128455979,
    1.5885335658212452,
    1.388315953562022,
    1.2308549271215259,
    1.1503497264574252,
    1.1134742166075255,
    1.0669748059014226,
    1.029840924245927,
    1.0077003376258304,
    0.9841638643418431,
    0.9594679429098163,
    0.9435771511643744,
    0.9350522741332383,
    0.9183688025035517,
    0.9018500053974063,
    0.8786276456949961,
    0.8610166565841421,
    0.8517247162511586,
    0.8201854984321253,
    0.8058961808224163,
    0.7918029055571008,
    0.7692618341854466,
    0.7521033800776352,
    0.7590143354347599,
    0.7558886506368437,
    0.7369354345914348,
    0.7290753769447736,
    0.7102007588462147,
    0.7099690416737285,
    0.703449257728084,
    0.7000248351365405,
    0.6867478736068892,
    0.6877692722908372,
    0.6877938489170026,
    0.6765685410755674,
    0.6776193294226361,
    0.666392683677966,
    0.6688210899415223,
    0.65293836502163,
    0.6612803812526986,
    0.6526094618660715,
    0.6432313545585593,
    0.6550351410265773,
    0.6559864819202277,
    0.6362916712870683,
    0.6360762656649666,
    0.6425480875365265,
    0.6425018885251507,
    0.6238563136981271,
    0.6330374502922262,
    0.6320487984153621,
    0.6364218482123617,
    0.6260913898572897,
    0.6266961750929313,
    0.6209220250549219,
    0.6191404954246853,
    0.6299703584607604,
    0.6231480124966263,
    0.6183837898399519,
    0.6214984692728428,
    0.6110268308378547,
    0.611713358660793,
    0.6189909350993993,
    0.6164360073826197,
    0.6193588834132076,
    0.61527827115315,
    0.6091099539223839,
    0.6097957277694321,
    0.6092903727613141,
    0.6086832874113947,
    0.601706888364709,
    0.608684926539126,
    0.6113112364583613,
    0.6041620818093,
    0.5898205433660151,
    0.604162164889943,
    0.6054504814050387,
    0.5974100523287683,
    0.5985497894799313,
    0.6002052116881856,
    0.6059213916359045,
    0.6002326431634176,
    0.6049982521997388,
    0.5929749840513214,
    0.6008634737995274,
    0.5886712795328302,
    0.6017061170104825,
    0.5930293139899173,
    0.5926570183480792,
    0.5939750752942946,
    0.5993222941827896,
    0.597575338828899,
    0.5967001383719237,
    0.5955754452959046,
    0.5894075058915121,
    0.6004836535667215,
    0.5856542299927958,
    0.5914398120797199,
    0.5884975365665562,
    0.5922803897839373,
    0.5771486950499932,
    0.5929400568727947,
    0.5895185690096882,
    0.59779091190804,
    0.5753908134482401,
    0.5916783400356312,
    0.5841407846002018,
    0.5878727474176061,
    0.5881738640615702,
    0.5893452959444822,
    0.5846952330273436,
    0.5920032523477169,
    0.583901128424403,
    0.584991317194746,
    0.5805203150147977,
    0.579043859944624,
    0.5783702562684598,
    0.5830696683253169,
    0.5759089678297262,
    0.5838141447442877,
    0.5806724371964974,
    0.5831384345546098,
    0.5693768847476491,
    0.5841566847108514,
    0.588634201708962,
    0.5834573691001024,
    0.5780613705172868,
    0.576401225136369,
    0.577069886352705,
    0.5813366193753069,
    0.5823850508998422,
    0.5797114270117582,
    0.5818143521275971,
    0.5852521228058564,
    0.5821629681855517,
    0.5725613932322968,
    0.5729263531582435,
    0.5755830982609478,
    0.5788927601883783,
    0.5761201387018804,
    0.583866110543156,
    0.5713061527980258,
    0.5741993106539597,
    0.5729098689678075,
    0.5684403085037876,
    0.5734162394652891,
    0.5706108024205698,
    0.5824920081573984,
    0.5730443273663826,
    0.5774716768423309,
    0.5812450459851023,
    0.5792362273044294,
    0.5791588978236898,
    0.5873164125263234,
    0.5731426142060848,
    0.5761458770088528,
    0.5761409145029609,
    0.5647166254727737,
    0.5757257155597667,
    0.5738366888002362,
    0.5709135489695517,
    0.578087926825599,
    0.5712326918264179,
    0.5770202792056686,
    0.5812000675731913,
    0.5654036405751163,
    0.5766835735582024,
    0.5711554611278007,
    0.5683047979536568,
    0.5722770092584898,
    0.5697320559445549,
    0.5750331255176183,
    0.5750648511950013,
    0.5696973866209045,
    0.5719313400480753,
    0.5628228433754133,
    0.5687153231914696,
    0.5686656318966995,
    0.576951079356396,
    0.5741071966298096,
    0.5736235330629227,
    0.5777085117062034,
    0.5696694821957737,
    0.5686959196691928,
    0.5698281738459302,
    0.572729269942969,
    0.5766138834569156,
    0.5734589532818026,
    0.5722473468774419,
    0.5685681405732089,
    0.5665318270016204,
    0.5699031568701615,
    0.5689109399190644,
    0.5616043738239561,
    0.5726542642811681,
    0.5680607757757387,
    0.5680268479277716,
    0.5617738281521956,
    0.566215592424583,
    0.5713857244652556,
    0.43125455839859556,
    0.41150584222410647,
    0.4079199969920966,
    0.4005682258044972,
    0.3974927991171322,
    0.39717379078993104,
    0.3936623960657193,
    0.393977369036516,
    0.3912036643003869,
    0.3906075584004297,
    0.39252674309036617,
    0.39207112880618983,
    0.39459626060312664,
    0.3921207324470705,
    0.3912154784440384,
    0.3929735011304431,
    0.39191936108919667,
    0.391770678636668,
    0.39176692800296237,
    0.3902269591913199,
    0.3943772890683635,
    0.39404914023168863,
    0.39481941749677635,
    0.39608094591618803,
    0.39208719324882685,
    0.39311991712016525,
    0.3957015909349827,
    0.39676834509500764,
    0.3955197521030446,
    0.3979437043294882,
    0.3951115725595323,
    0.4030118323195621,
    0.4014536258204819,
    0.3988123496094018,
    0.40542572847260233,
    0.4008430700244196,
    0.4014058063554642,
    0.401220294215795,
    0.405312611509467,
    0.4012299772266232,
    0.40310998508692397,
    0.40552857015139004,
    0.404921232548821,
    0.4077864556818667,
    0.40934766436476844,
    0.40639329158589055,
    0.40924849969041927,
    0.4099490431416065,
    0.4082070683579311,
    0.4117027034082681,
    0.38415633778437935,
    0.37909827371844856,
    0.380405125563102,
    0.3777239436231306,
    0.37768760144405655,
    0.3805432009422566,
    0.37513315879627873,
    0.3782800184872449,
    0.37542385964289954,
    0.37656862858463735,
    0.37544806945659315,
    0.37574467001973516,
    0.3753703513261302,
    0.3781581322098022,
    0.3747097184438535,
    0.37561976962991994,
    0.37483825768961015,
    0.37793188159118224,
    0.3768378316670123,
    0.3773790621162985,
    0.37625882837473584,
    0.37448384683302904,
    0.37908872413208416,
    0.37417133022909577,
    0.37821850268279805,
    0.37661803229842955,
    0.3774051133857664,
    0.3728381518436515,
    0.3728837063321677,
    0.3783089281500453,
    0.37528546981494443,
    0.37575973711355265,
    0.37331729269850894,
    0.3787209707147935,
    0.3766870532575471,
    0.3748864037987521,
    0.37581775266953443,
    0.37566918492926965,
    0.37667875338698287,
    0.3780920848136058,
    0.37687695316036646,
    0.3753151079958967,
    0.376447580659481,
    0.37853817134866935,
    0.37644495687368884,
    0.37832239666558287,
    0.3754186313170606,
    0.37658024924185574,
    0.3793484664252957,
    0.3769648018319284,
    0.37435404601914196,
    0.37042625831521075,
    0.3727260222444144,
    0.37149046525321044,
    0.37249143124388917,
    0.3731799080320027,
    0.3736074015002726,
    0.3718664653770759,
    0.3750666581913638,
    0.37593072702360275,
    0.3714312930088824,
    0.3745934906822946,
    0.3726853099472992,
    0.37413962779904875,
    0.3748070006175419,
    0.3712649311860809,
