{
  "mnist_final_accuracy": 0.914,
  "mnist_final_nll": 0.31004185650348665,
  "cifar10_final_accuracy": 0.6953,
  "cifar10_final_nll": 1.6653250820159913,
  "mnist_lr_adam_acc": 0.914,
  "mnist_lr_adam_nll": 0.31004185650348665,
  "mnist_lr_sgd_nesterov_acc": 0.9063,
  "mnist_lr_sgd_nesterov_nll": 0.33408871240615845,
  "mnist_lr_adagrad_acc": 0.8903,
  "mnist_lr_adagrad_nll": 0.43803787903785707,
  "mnist_lr_adamax_acc": 0.9233,
  "mnist_lr_adamax_nll": 0.27588974616527556,
  "imdb_adam_acc": 0.82848,
  "imdb_adam_nll": 0.5539318472290039,
  "imdb_sgd_nesterov_acc": 0.82344,
  "imdb_sgd_nesterov_nll": 0.5092434591674805,
  "imdb_adagrad_acc": 0.83204,
  "imdb_adagrad_nll": 0.5162493334960937,
  "mlp_adam_acc": 0.9739,
  "mlp_adam_nll": 0.08967941943109035,
  "mlp_adagrad_acc": 0.9733,
  "mlp_adagrad_nll": 0.092402837318182,
  "mlp_rmsprop_acc": 0.9707,
  "mlp_rmsprop_nll": 0.10775472101569175,
  "mlp_sgd_nesterov_acc": 0.9713,
  "mlp_sgd_nesterov_nll": 0.09877280540466309,
  "mlp_adadelta_acc": 0.9731,
  "mlp_adadelta_nll": 0.09236933890283108,
  "cifar10_cnn_adam_acc": 0.6953,
  "cifar10_cnn_adam_nll": 1.6653250820159913,
  "cifar10_cnn_sgd_nesterov_acc": 0.7452,
  "cifar10_cnn_sgd_nesterov_nll": 1.6023629070281982,
  "cifar10_cnn_adagrad_acc": 0.6318,
  "cifar10_cnn_adagrad_nll": 1.2345273859024049,
  "vae_adam_bc_elbo": 100.44331399281819,
  "vae_adam_no_bc_elbo": 101.33066977183024,
  "vae_rmsprop_elbo": 101.36477029164632,
  "wall_time_seconds": 3403.1885392665863
}